/*
Navicat MySQL Data Transfer

Source Server         : 127.0.0.1
Source Server Version : 50513
Source Host           : 127.0.0.1:3306
Source Database       : ssh2

Target Server Type    : MYSQL
Target Server Version : 50513
File Encoding         : 65001

Date: 2014-03-26 02:33:47
*/

SET FOREIGN_KEY_CHECKS=0;
-- ----------------------------
-- Table structure for `article_info`
-- ----------------------------
DROP TABLE IF EXISTS `article_info`;
CREATE TABLE `article_info` (
  `id` int(11) NOT NULL AUTO_INCREMENT,
  `title` varchar(255) COLLATE utf8_bin DEFAULT NULL COMMENT '标题',
  `category` int(11) DEFAULT NULL COMMENT '类别:财务，行政，技术，新闻',
  `title_picture` varchar(255) COLLATE utf8_bin DEFAULT NULL COMMENT '标题图片',
  `introduction` varchar(1024) COLLATE utf8_bin DEFAULT NULL COMMENT '简介',
  `author` int(11) DEFAULT NULL COMMENT '作者',
  `content` text COLLATE utf8_bin COMMENT '文章内容',
  `last_Update` timestamp NULL DEFAULT NULL ON UPDATE CURRENT_TIMESTAMP COMMENT '更新时间',
  `ct_Time` timestamp NULL DEFAULT NULL COMMENT '创建时间',
  `status` int(1) NOT NULL DEFAULT '1' COMMENT '-1 草稿 0 删除  1 发表',
  PRIMARY KEY (`id`)
) ENGINE=InnoDB AUTO_INCREMENT=7 DEFAULT CHARSET=utf8 COLLATE=utf8_bin;

-- ----------------------------
-- Records of article_info
-- ----------------------------
INSERT INTO article_info VALUES ('1', '信帧-行政政策', '2', '/download-center/upload/user/photos/20140325123021471_0.PNG', '这是简介', '1', 0x3C703EE8BF99E698AFE58685E5AEB93C2F703E0A0A3C703EE99984E4BBB63C2F703E0A0A3C703E312E266E6273703B3C6120687265663D222F646F776E6C6F61642D63656E7465722F75706C6F61642F757365722F70686F746F732F32303134303332333039353731333738355F302E6A7067223E4465736572742E6A70673C2F613E3C2F703E0A0A3C703E322E266E6273703B3C6120687265663D222F646F776E6C6F61642D63656E7465722F75706C6F61642F757365722F70686F746F732F32303134303332353132313233383735345F302E706466223EE995BFE6B299E5B882E8BDA6E8BE86E789B9E5BE81E6AF94E5AFB9E7AEA1E79086E7B3BBE7BB9FE4BDBFE794A8E6898BE5868C2D56312E332E7064663C2F613E3C2F703E0A, '2014-03-25 15:05:04', '2014-03-25 15:05:00', '1');
INSERT INTO article_info VALUES ('2', '财务政策', '1', '/download-center/upload/user/photos/20140325121125696_0.jpg', '财务报销简介', '1', 0x3C703E312E20E587BAE5B7AEE68AA5E99480E588B6E5BAA63C2F703E0A0A3C703E3C6120687265663D222F646F776E6C6F61642D63656E7465722F75706C6F61642F757365722F70686F746F732F32303134303332353031323930323838325F302E706466223EE3808AE59198E5B7A5E587BAE5B7AEE7AEA1E79086E8A1A5E58585E8A784E5AE9AE3808B2D32303134303232372E7064663C2F613E3C2F703E0A0A3C703E3C6120687265663D222F646F776E6C6F61642D63656E7465722F75706C6F61642F757365722F70686F746F732F32303134303332353031323932343835325F302E646F6378223EE59198E5B7A5E587BAE5B7AEE587BAE58F91E794B3E8AFB7E8A1A82E646F63783C2F613E3C2F703E0A0A3C703E3C6120687265663D222F646F776E6C6F61642D63656E7465722F75706C6F61642F757365722F70686F746F732F32303134303332353031323932383434395F302E646F6378223EE59198E5B7A5E587BAE5B7AEE7BB93E69D9FE794B3E8AFB7E8A1A82E646F63783C2F613E3C2F703E0A0A3C703E322E20E8AEBEE5A487E5AEA1E689B9E7AEA1E790863C2F703E0A0A3C703E266E6273703B3C2F703E0A, '2014-03-26 02:04:33', '2014-03-25 13:29:46', '0');
INSERT INTO article_info VALUES ('3', '财务政策-报销规章制度', '1', '/download-center/upload/user/photos/20140325121125696_0.jpg', '财务报销简介', '1', 0x3C703E312E20E587BAE5B7AEE68AA5E99480E588B6E5BAA63C2F703E0A0A3C703E3C6120687265663D222F646F776E6C6F61642D63656E7465722F75706C6F61642F757365722F70686F746F732F32303134303332353031323930323838325F302E706466223EE3808AE59198E5B7A5E587BAE5B7AEE7AEA1E79086E8A1A5E58585E8A784E5AE9AE3808B2D32303134303232372E7064663C2F613E3C2F703E0A0A3C703E3C6120687265663D222F646F776E6C6F61642D63656E7465722F75706C6F61642F757365722F70686F746F732F32303134303332353031323932343835325F302E646F6378223EE59198E5B7A5E587BAE5B7AEE587BAE58F91E794B3E8AFB7E8A1A82E646F63783C2F613E3C2F703E0A0A3C703E3C6120687265663D222F646F776E6C6F61642D63656E7465722F75706C6F61642F757365722F70686F746F732F32303134303332353031323932383434395F302E646F6378223EE59198E5B7A5E587BAE5B7AEE7BB93E69D9FE794B3E8AFB7E8A1A82E646F63783C2F613E3C2F703E0A0A3C703E322E20E8AEBEE5A487E5AEA1E689B9E7AEA1E790863C2F703E0A0A3C703E266E6273703B3C2F703E0A, '2014-03-26 02:18:27', '2014-03-26 02:18:21', '1');
INSERT INTO article_info VALUES ('4', '技术文章1', '3', '/download-center/upload/user/photos/20140325015443314_0.PNG', '这是简介', '1', 0x3C70207374796C653D22746578742D616C69676E3A63656E746572223E3C7370616E207374796C653D22666F6E742D73697A653A32347078223E3C7374726F6E673EE9809AE79FA53C2F7374726F6E673E3C2F7370616E3E3C2F703E0A0A3C703E266E6273703B20266E6273703B20E4BB8AE5A4A9E4B88BE58D88E38082E38082E38082323031342E332E32353C2F703E0A0A3C703E3C696D6720616C743D2222207372633D222F646F776E6C6F61642D63656E7465722F75706C6F61642F757365722F70686F746F732F32303134303332353132343833353430385F302E504E4722207374796C653D226865696768743A31323570783B2077696474683A323030707822202F3E3C2F703E0A0A3C703E3C6120687265663D222F646F776E6C6F61642D63656E7465722F75706C6F61642F757365722F70686F746F732F32303134303332353031353530313935385F302E6A73223E6D656E752E6A733C2F613E3C2F703E0A0A3C703E3C6120687265663D222F646F776E6C6F61642D63656E7465722F75706C6F61642F757365722F70686F746F732F32303134303332353031353531313639345F302E786C73223E745F735F6C70725F726573756C742E786C733C2F613E3C2F703E0A0A3C703EE69599E7A88B3C2F703E0A0A3C70207374796C653D22746578742D616C69676E3A7269676874223EE68A80E69CAFE983A83C2F703E0A0A3C70207374796C653D22746578742D616C69676E3A7269676874223EE69D8EE5BBBA3C2F703E0A0A3C70207374796C653D22746578742D616C69676E3A7269676874223E323031342E332E32353C2F703E0A0A3C70207374796C653D22746578742D616C69676E3A7269676874223E266E6273703B3C2F703E0A0A3C703E266E6273703B3C2F703E0A, '2014-03-26 02:18:36', '2014-03-26 02:18:28', '1');
INSERT INTO article_info VALUES ('5', 'test 新闻', '2', '', '', '1', 0x3C703E6E657773266E6273703B3C6120687265663D222F646F776E6C6F61642D63656E7465722F75706C6F61642F757365722F70686F746F732F32303134303332353031323932343835325F302E646F6378223EE59198E5B7A5E587BAE5B7AEE587BAE58F91E794B3E8AFB7E8A1A82E646F63783C2F613E3C2F703E0A0A3C703EE68F90E4BAA4313C2F703E0A0A3C703E3C6120687265663D222F646F776E6C6F61642D63656E7465722F75706C6F61642F757365722F70686F746F732F32303134303332353033313831353532315F302E504E47223E31332E504E473C2F613E3C2F703E0A, '2014-03-26 01:49:52', '2014-03-25 15:09:25', '1');
INSERT INTO article_info VALUES ('6', ' Java开发规范(1) -- Eclipse 开发环境设置', '1', '', '', '6', 0x3C6469763E266E6273703B3C2F6469763E0A0A3C6469763E0A3C646976207374796C653D22636F6C6F723A207267622835342C2034362C203433293B20666F6E742D66616D696C793A20417269616C2C20436F6E736F6C652C2056657264616E612C2027436F7572696572204E6577273B20666F6E742D73697A653A20313270783B206C696E652D6865696768743A206E6F726D616C3B20626F726465723A2031707820736F6C696420726762283230342C203230342C20323034293B206261636B67726F756E642D636F6C6F723A20726762283233382C203233382C20323338293B20666C6F61743A206C6566743B206D696E2D77696474683A2032303070783B2070616464696E673A2034707820313070783B223E0A3C70207374796C653D22746578742D616C69676E3A7269676874223EE79BAEE5BD953C6120687265663D22687474703A2F2F626C6F672E6373646E2E6E65742F6C616E6D6F3535352F61727469636C652F64657461696C732F32313837313130392322207374796C653D22636F6C6F723A20726762283130362C2035372C2036293B20746578742D6465636F726174696F6E3A206E6F6E653B22207469746C653D22E7B3BBE7BB9FE6A0B9E68DAEE69687E7ABA0E4B8AD4831E588B04836E6A087E7ADBEE887AAE58AA8E7949FE68890E69687E7ABA0E79BAEE5BD95223E283F293C2F613E3C6120687265663D22687474703A2F2F626C6F672E6373646E2E6E65742F6C616E6D6F3535352F61727469636C652F64657461696C732F32313837313130392322207374796C653D22636F6C6F723A20726762283130362C2035372C2036293B20746578742D6465636F726174696F6E3A206E6F6E653B22207469746C653D22E694B6E8B5B7223E5B2D5D3C2F613E3C2F703E0A0A3C6F6C207374796C653D226D617267696E2D6C6566743A31347078223E0A093C6C693E3C6120687265663D22687474703A2F2F626C6F672E6373646E2E6E65742F6C616E6D6F3535352F61727469636C652F64657461696C732F323138373131303923743022207374796C653D22636F6C6F723A20726762283130362C2035372C2036293B20746578742D6465636F726174696F6E3A206E6F6E653B223EE8AEBEE7BDAEE696B04A415641E69687E4BBB6E79A84E9BB98E8AEA4E69687E4BBB6E5A4B43C2F613E0A0A093C6F6C3E0A09093C6C693E3C6120687265663D22687474703A2F2F626C6F672E6373646E2E6E65742F6C616E6D6F3535352F61727469636C652F64657461696C732F323138373131303923743122207374796C653D22636F6C6F723A20726762283130362C2035372C2036293B20746578742D6465636F726174696F6E3A206E6F6E653B223EE8AEBEE7BDAE75736572E794A8E688B7E5908D3C2F613E0A0A09093C6F6C3E0A0909093C6C693E3C6120687265663D22687474703A2F2F626C6F672E6373646E2E6E65742F6C616E6D6F3535352F61727469636C652F64657461696C732F323138373131303923743222207374796C653D22636F6C6F723A20726762283130362C2035372C2036293B20746578742D6465636F726174696F6E3A206E6F6E653B223EE8AEBEE7BDAEE9BB98E8AEA4E5A4B4E4BFA1E681AFE4BF9DE68AA4E4BD9CE88085E5928CE697A5E69C9F3C2F613E3C2F6C693E0A09093C2F6F6C3E0A09093C2F6C693E0A09093C6C693E3C6120687265663D22687474703A2F2F626C6F672E6373646E2E6E65742F6C616E6D6F3535352F61727469636C652F64657461696C732F323138373131303923743322207374796C653D22636F6C6F723A20726762283130362C2035372C2036293B20746578742D6465636F726174696F6E3A206E6F6E653B223EE8AEBEE7BDAE4A617661204D6574686F6420E5A4B43C2F613E3C2F6C693E0A09093C6C693E3C6120687265663D22687474703A2F2F626C6F672E6373646E2E6E65742F6C616E6D6F3535352F61727469636C652F64657461696C732F323138373131303923743422207374796C653D22636F6C6F723A20726762283130362C2035372C2036293B20746578742D6465636F726174696F6E3A206E6F6E653B223EE8AEBEE7BDAEE9BB98E8AEA4E7BC96E7A081266E6273703B3C2F613E3C2F6C693E0A093C2F6F6C3E0A093C2F6C693E0A3C2F6F6C3E0A3C2F6469763E0A0A3C646976207374796C653D22636F6C6F723A207267622835342C2034362C203433293B20666F6E742D66616D696C793A20417269616C2C20436F6E736F6C652C2056657264616E612C2027436F7572696572204E6577273B20666F6E742D73697A653A20313270783B206C696E652D6865696768743A206E6F726D616C3B20636C6561723A20626F74683B223E266E6273703B3C2F6469763E0A0A3C64697620636C6173733D2261727469636C655F636F6E74656E74222069643D2261727469636C655F636F6E74656E7422207374796C653D226D617267696E3A203230707820307078203070783B20666F6E742D73697A653A20313470783B206C696E652D6865696768743A20323670783B20666F6E742D66616D696C793A20417269616C3B20636F6C6F723A207267622835342C2034362C203433293B223E0A3C703E266E6273703B3C2F703E0A0A3C68323E3C61206E616D653D227430223E3C2F613E312E20E8AEBEE7BDAEE696B04A415641E69687E4BBB6E79A84E9BB98E8AEA4E69687E4BBB6E5A4B43C2F68323E0A0A3C68333E3C61206E616D653D227431223E3C2F613E266E6273703B20266E6273703B3129E8AEBEE7BDAE407B757365727DE794A8E688B7E5908D3C2F68333E0A0A3C703E266E6273703B20266E6273703B20E59CA86563706C6973652E696E6920E4B8ADE79A84266E6273703B3C7370616E207374796C653D226261636B67726F756E642D636F6C6F723A726762283233392C203233392C20323339293B20636F6C6F723A7267622835312C2035312C203531293B20666F6E742D66616D696C793A7461686F6D612CE5AE8BE4BD93223E2D766D6172677320E4B88BE99DA2266E6273703B3C2F7370616E3EE6B7BBE58AA0266E6273703B3C7370616E207374796C653D226261636B67726F756E642D636F6C6F723A726762283233392C203233392C20323339293B20636F6C6F723A7267622835312C2035312C203531293B20666F6E742D66616D696C793A7461686F6D612CE5AE8BE4BD93223E2D44757365722E6E616D653D617574686F724E616D652C20266E6273703B652E673A266E6273703B3C2F7370616E3E3C2F703E0A0A3C64697620636C6173733D2264702D686967686C6967687465722062675F63707022207374796C653D22666F6E742D66616D696C793A20436F6E736F6C61732C2027436F7572696572204E6577272C20436F75726965722C206D6F6E6F2C2073657269663B20666F6E742D73697A653A20313270783B206261636B67726F756E642D636F6C6F723A20726762283233312C203232392C20323230293B2077696474683A2036393370783B206F766572666C6F773A206175746F3B2070616464696E672D746F703A203170783B206D617267696E3A2031387078203070782021696D706F7274616E743B223E0A3C64697620636C6173733D2262617222207374796C653D2270616464696E672D6C6566743A20343570783B223E0A3C64697620636C6173733D22746F6F6C7322207374796C653D2270616464696E673A2033707820387078203130707820313070783B20666F6E742D73697A653A203970783B206C696E652D6865696768743A206E6F726D616C3B20666F6E742D66616D696C793A2056657264616E612C2047656E6576612C20417269616C2C2048656C7665746963612C2073616E732D73657269663B20636F6C6F723A2073696C7665723B206261636B67726F756E642D636F6C6F723A20726762283234382C203234382C20323438293B20626F726465722D6C6566742D77696474683A203370783B20626F726465722D6C6566742D7374796C653A20736F6C69643B20626F726465722D6C6566742D636F6C6F723A20726762283130382C203232362C20313038293B223E3C7374726F6E673E5B6370705D3C2F7374726F6E673E266E6273703B3C6120636C6173733D2256696577536F757263652220687265663D22687474703A2F2F626C6F672E6373646E2E6E65742F6C616E6D6F3535352F61727469636C652F64657461696C732F32313837313130392322207374796C653D22636F6C6F723A20726762283136302C203136302C20313630293B20746578742D6465636F726174696F6E3A206E6F6E653B206261636B67726F756E642D696D6167653A2075726C28687474703A2F2F7374617469632E626C6F672E6373646E2E6E65742F736372697074732F53796E746178486967686C6967687465722F7374796C65732F696D616765732F64656661756C742F69636F5F706C61696E2E676966293B206261636B67726F756E642D636F6C6F723A20696E68657269743B20626F726465723A206E6F6E653B2070616464696E673A203170783B206D617267696E3A20307078203130707820307078203070783B20666F6E742D73697A653A203970783B20646973706C61793A20696E6C696E652D626C6F636B3B2077696474683A20313670783B206865696768743A20313670783B20746578742D696E64656E743A202D3230303070783B206261636B67726F756E642D706F736974696F6E3A2030252030253B206261636B67726F756E642D7265706561743A206E6F2D726570656174206E6F2D7265706561743B22207469746C653D227669657720706C61696E223E7669657720706C61696E3C2F613E3C6120636C6173733D22436F7079546F436C6970626F6172642220687265663D22687474703A2F2F626C6F672E6373646E2E6E65742F6C616E6D6F3535352F61727469636C652F64657461696C732F32313837313130392322207374796C653D22636F6C6F723A20726762283136302C203136302C20313630293B20746578742D6465636F726174696F6E3A206E6F6E653B206261636B67726F756E642D696D6167653A2075726C28687474703A2F2F7374617469632E626C6F672E6373646E2E6E65742F736372697074732F53796E746178486967686C6967687465722F7374796C65732F696D616765732F64656661756C742F69636F5F636F70792E676966293B206261636B67726F756E642D636F6C6F723A20696E68657269743B20626F726465723A206E6F6E653B2070616464696E673A203170783B206D617267696E3A20307078203130707820307078203070783B20666F6E742D73697A653A203970783B20646973706C61793A20696E6C696E652D626C6F636B3B2077696474683A20313670783B206865696768743A20313670783B20746578742D696E64656E743A202D3230303070783B206261636B67726F756E642D706F736974696F6E3A2030252030253B206261636B67726F756E642D7265706561743A206E6F2D726570656174206E6F2D7265706561743B22207469746C653D22636F7079223E636F70793C2F613E3C6120687265663D2268747470733A2F2F636F64652E6373646E2E6E65742F736E6970706574732F32353139353522207374796C653D22636F6C6F723A20726762283136302C203136302C20313630293B20746578742D6465636F726174696F6E3A206E6F6E653B206261636B67726F756E642D696D6167653A206E6F6E653B206261636B67726F756E642D636F6C6F723A20696E68657269743B20626F726465723A206E6F6E653B2070616464696E673A203170783B206D617267696E3A20307078203130707820307078203070783B20666F6E742D73697A653A203970783B20646973706C61793A20696E6C696E652D626C6F636B3B2077696474683A20313670783B206865696768743A20313670783B206261636B67726F756E642D706F736974696F6E3A2030252030253B206261636B67726F756E642D7265706561743A206E6F2D726570656174206E6F2D7265706561743B22207461726765743D225F626C616E6B22207469746C653D22E59CA8434F4445E4B88AE69FA5E79C8BE4BBA3E7A081E78987223E3C696D6720616C743D22E59CA8434F4445E4B88AE69FA5E79C8BE4BBA3E7A081E7898722207372633D2268747470733A2F2F636F64652E6373646E2E6E65742F6173736574732F434F44455F69636F2E706E6722207374796C653D22626F726465723A6E6F6E653B206865696768743A313270783B206C6566743A3270783B206D61782D77696474683A313030253B20706F736974696F6E3A72656C61746976653B20746F703A3170783B2077696474683A3132707822202F3E3C2F613E3C6120687265663D2268747470733A2F2F636F64652E6373646E2E6E65742F736E6970706574732F3235313935352F666F726B22207374796C653D22636F6C6F723A20726762283136302C203136302C20313630293B20746578742D6465636F726174696F6E3A206E6F6E653B206261636B67726F756E642D696D6167653A206E6F6E653B206261636B67726F756E642D636F6C6F723A20696E68657269743B20626F726465723A206E6F6E653B2070616464696E673A203170783B206D617267696E3A20307078203130707820307078203070783B20666F6E742D73697A653A203970783B20646973706C61793A20696E6C696E652D626C6F636B3B2077696474683A20313670783B206865696768743A20313670783B206261636B67726F756E642D706F736974696F6E3A2030252030253B206261636B67726F756E642D7265706561743A206E6F2D726570656174206E6F2D7265706561743B22207461726765743D225F626C616E6B22207469746C653D22E6B4BEE7949FE588B0E68891E79A84E4BBA3E7A081E78987223E3C696D6720616C743D22E6B4BEE7949FE588B0E68891E79A84E4BBA3E7A081E7898722207372633D2268747470733A2F2F636F64652E6373646E2E6E65742F6173736574732F69636F5F666F726B2E73766722207374796C653D22626F726465723A6E6F6E653B206865696768743A313270783B206C6566743A3270783B206D61782D77696474683A313030253B20706F736974696F6E3A72656C61746976653B20746F703A3270783B2077696474683A3132707822202F3E3C2F613E0A0A3C646976207374796C653D22706F736974696F6E3A206162736F6C7574653B206C6566743A2035353970783B20746F703A2036383570783B2077696474683A20313870783B206865696768743A20313870783B207A2D696E6465783A2039393B223E266E6273703B3C2F6469763E0A3C2F6469763E0A3C2F6469763E0A0A3C6F6C2073746172743D2231223E0A093C6C693E3C7370616E207374796C653D226261636B67726F756E642D636F6C6F723A696E68657269743B20636F6C6F723A626C61636B223E3C7370616E207374796C653D226261636B67726F756E642D636F6C6F723A696E6865726974223E2D44757365722E6E616D653D6B61726C266E6273703B266E6273703B3C2F7370616E3E3C2F7370616E3E3C2F6C693E0A3C2F6F6C3E0A3C2F6469763E0A0A3C703E266E6273703B3C2F703E0A0A3C68343E3C61206E616D653D227432223E3C2F613E266E6273703B20266E6273703B3229E8AEBEE7BDAEE9BB98E8AEA4E5A4B4E4BFA1E681AFEFBC8CE4BF9DE68AA4E4BD9CE88085E5928CE697A5E69C9F3C2F68343E0A0A3C703E266E6273703B20266E6273703B20266E6273703B20E68993E5BC8065636C69707365E79A8457696E646F77732D507265666572656E6365732D4A6176612D436F6465205374796C652D436F64652054656D706C617465733C6272202F3E0A266E6273703B20266E6273703B20266E6273703B20E98089E68BA9436F64652D2D4E6577204A6176612066696C6573EFBC8CE8BF9BE8A18C20456469742C20E6B7BBE58AA0E5A682E4B88BE4BFA1E681AF3C2F703E0A0A3C703E266E6273703B3C2F703E0A0A3C64697620636C6173733D2264702D686967686C6967687465722062675F6A61766122207374796C653D22666F6E742D66616D696C793A20436F6E736F6C61732C2027436F7572696572204E6577272C20436F75726965722C206D6F6E6F2C2073657269663B20666F6E742D73697A653A20313270783B206261636B67726F756E642D636F6C6F723A20726762283233312C203232392C20323230293B2077696474683A2036393370783B206F766572666C6F773A206175746F3B2070616464696E672D746F703A203170783B206D617267696E3A2031387078203070782021696D706F7274616E743B223E0A3C64697620636C6173733D2262617222207374796C653D2270616464696E672D6C6566743A20343570783B223E0A3C64697620636C6173733D22746F6F6C7322207374796C653D2270616464696E673A2033707820387078203130707820313070783B20666F6E742D73697A653A203970783B206C696E652D6865696768743A206E6F726D616C3B20666F6E742D66616D696C793A2056657264616E612C2047656E6576612C20417269616C2C2048656C7665746963612C2073616E732D73657269663B20636F6C6F723A2073696C7665723B206261636B67726F756E642D636F6C6F723A20726762283234382C203234382C20323438293B20626F726465722D6C6566742D77696474683A203370783B20626F726465722D6C6566742D7374796C653A20736F6C69643B20626F726465722D6C6566742D636F6C6F723A20726762283130382C203232362C20313038293B223E3C7374726F6E673E5B6A6176615D3C2F7374726F6E673E266E6273703B3C6120636C6173733D2256696577536F757263652220687265663D22687474703A2F2F626C6F672E6373646E2E6E65742F6C616E6D6F3535352F61727469636C652F64657461696C732F32313837313130392322207374796C653D22636F6C6F723A20726762283136302C203136302C20313630293B20746578742D6465636F726174696F6E3A206E6F6E653B206261636B67726F756E642D696D6167653A2075726C28687474703A2F2F7374617469632E626C6F672E6373646E2E6E65742F736372697074732F53796E746178486967686C6967687465722F7374796C65732F696D616765732F64656661756C742F69636F5F706C61696E2E676966293B206261636B67726F756E642D636F6C6F723A20696E68657269743B20626F726465723A206E6F6E653B2070616464696E673A203170783B206D617267696E3A20307078203130707820307078203070783B20666F6E742D73697A653A203970783B20646973706C61793A20696E6C696E652D626C6F636B3B2077696474683A20313670783B206865696768743A20313670783B20746578742D696E64656E743A202D3230303070783B206261636B67726F756E642D706F736974696F6E3A2030252030253B206261636B67726F756E642D7265706561743A206E6F2D726570656174206E6F2D7265706561743B22207469746C653D227669657720706C61696E223E7669657720706C61696E3C2F613E3C6120636C6173733D22436F7079546F436C6970626F6172642220687265663D22687474703A2F2F626C6F672E6373646E2E6E65742F6C616E6D6F3535352F61727469636C652F64657461696C732F32313837313130392322207374796C653D22636F6C6F723A20726762283136302C203136302C20313630293B20746578742D6465636F726174696F6E3A206E6F6E653B206261636B67726F756E642D696D6167653A2075726C28687474703A2F2F7374617469632E626C6F672E6373646E2E6E65742F736372697074732F53796E746178486967686C6967687465722F7374796C65732F696D616765732F64656661756C742F69636F5F636F70792E676966293B206261636B67726F756E642D636F6C6F723A20696E68657269743B20626F726465723A206E6F6E653B2070616464696E673A203170783B206D617267696E3A20307078203130707820307078203070783B20666F6E742D73697A653A203970783B20646973706C61793A20696E6C696E652D626C6F636B3B2077696474683A20313670783B206865696768743A20313670783B20746578742D696E64656E743A202D3230303070783B206261636B67726F756E642D706F736974696F6E3A2030252030253B206261636B67726F756E642D7265706561743A206E6F2D726570656174206E6F2D7265706561743B22207469746C653D22636F7079223E636F70793C2F613E3C6120687265663D2268747470733A2F2F636F64652E6373646E2E6E65742F736E6970706574732F32353139353522207374796C653D22636F6C6F723A20726762283136302C203136302C20313630293B20746578742D6465636F726174696F6E3A206E6F6E653B206261636B67726F756E642D696D6167653A206E6F6E653B206261636B67726F756E642D636F6C6F723A20696E68657269743B20626F726465723A206E6F6E653B2070616464696E673A203170783B206D617267696E3A20307078203130707820307078203070783B20666F6E742D73697A653A203970783B20646973706C61793A20696E6C696E652D626C6F636B3B2077696474683A20313670783B206865696768743A20313670783B206261636B67726F756E642D706F736974696F6E3A2030252030253B206261636B67726F756E642D7265706561743A206E6F2D726570656174206E6F2D7265706561743B22207461726765743D225F626C616E6B22207469746C653D22E59CA8434F4445E4B88AE69FA5E79C8BE4BBA3E7A081E78987223E3C696D6720616C743D22E59CA8434F4445E4B88AE69FA5E79C8BE4BBA3E7A081E7898722207372633D2268747470733A2F2F636F64652E6373646E2E6E65742F6173736574732F434F44455F69636F2E706E6722207374796C653D22626F726465723A6E6F6E653B206865696768743A313270783B206C6566743A3270783B206D61782D77696474683A313030253B20706F736974696F6E3A72656C61746976653B20746F703A3170783B2077696474683A3132707822202F3E3C2F613E3C6120687265663D2268747470733A2F2F636F64652E6373646E2E6E65742F736E6970706574732F3235313935352F666F726B22207374796C653D22636F6C6F723A20726762283136302C203136302C20313630293B20746578742D6465636F726174696F6E3A206E6F6E653B206261636B67726F756E642D696D6167653A206E6F6E653B206261636B67726F756E642D636F6C6F723A20696E68657269743B20626F726465723A206E6F6E653B2070616464696E673A203170783B206D617267696E3A20307078203130707820307078203070783B20666F6E742D73697A653A203970783B20646973706C61793A20696E6C696E652D626C6F636B3B2077696474683A20313670783B206865696768743A20313670783B206261636B67726F756E642D706F736974696F6E3A2030252030253B206261636B67726F756E642D7265706561743A206E6F2D726570656174206E6F2D7265706561743B22207461726765743D225F626C616E6B22207469746C653D22E6B4BEE7949FE588B0E68891E79A84E4BBA3E7A081E78987223E3C696D6720616C743D22E6B4BEE7949FE588B0E68891E79A84E4BBA3E7A081E7898722207372633D2268747470733A2F2F636F64652E6373646E2E6E65742F6173736574732F69636F5F666F726B2E73766722207374796C653D22626F726465723A6E6F6E653B206865696768743A313270783B206C6566743A3270783B206D61782D77696474683A313030253B20706F736974696F6E3A72656C61746976653B20746F703A3270783B2077696474683A3132707822202F3E3C2F613E0A0A3C646976207374796C653D22706F736974696F6E3A206162736F6C7574653B206C6566743A2035363570783B20746F703A2038363470783B2077696474683A20313870783B206865696768743A20313870783B207A2D696E6465783A2039393B223E266E6273703B3C2F6469763E0A3C2F6469763E0A3C2F6469763E0A0A3C6F6C2073746172743D2231223E0A093C6C693E3C7370616E207374796C653D226261636B67726F756E642D636F6C6F723A696E68657269743B20636F6C6F723A626C61636B223E3C7370616E207374796C653D226261636B67726F756E642D636F6C6F723A696E68657269743B20636F6C6F723A72676228302C203133302C203029223E2F2A3C2F7370616E3E266E6273703B3C2F7370616E3E3C2F6C693E0A093C6C693E3C7370616E207374796C653D226261636B67726F756E642D636F6C6F723A696E68657269743B20636F6C6F723A626C61636B223E3C7370616E207374796C653D226261636B67726F756E642D636F6C6F723A696E68657269743B20636F6C6F723A72676228302C203133302C203029223E2A266E6273703B40617574686F72266E6273703B3A266E6273703B247B757365727D3C2F7370616E3E266E6273703B3C2F7370616E3E3C2F6C693E0A093C6C693E3C7370616E207374796C653D226261636B67726F756E642D636F6C6F723A696E68657269743B20636F6C6F723A626C61636B223E3C7370616E207374796C653D226261636B67726F756E642D636F6C6F723A696E68657269743B20636F6C6F723A72676228302C203133302C203029223E2A266E6273703B406372656174696F6E266E6273703B3A266E6273703B247B646174657D266E6273703B247B74696D657D3C2F7370616E3E266E6273703B3C2F7370616E3E3C2F6C693E0A093C6C693E3C7370616E207374796C653D226261636B67726F756E642D636F6C6F723A696E68657269743B20636F6C6F723A626C61636B223E3C7370616E207374796C653D226261636B67726F756E642D636F6C6F723A696E68657269743B20636F6C6F723A72676228302C203133302C203029223E2A266E6273703B406465736372697074696F6E266E6273703B3A266E6273703B3C2F7370616E3E266E6273703B3C2F7370616E3E3C2F6C693E0A093C6C693E3C7370616E207374796C653D226261636B67726F756E642D636F6C6F723A696E68657269743B20636F6C6F723A626C61636B223E3C7370616E207374796C653D226261636B67726F756E642D636F6C6F723A696E68657269743B20636F6C6F723A72676228302C203133302C203029223E2A3C2F7370616E3E266E6273703B3C2F7370616E3E3C2F6C693E0A093C6C693E3C7370616E207374796C653D226261636B67726F756E642D636F6C6F723A696E68657269743B20636F6C6F723A626C61636B223E3C7370616E207374796C653D226261636B67726F756E642D636F6C6F723A696E68657269743B20636F6C6F723A72676228302C203133302C203029223E2A2F3C2F7370616E3E3C7370616E207374796C653D226261636B67726F756E642D636F6C6F723A696E6865726974223E266E6273703B266E6273703B3C2F7370616E3E3C2F7370616E3E3C2F6C693E0A3C2F6F6C3E0A3C2F6469763E0A0A3C703E266E6273703B3C2F703E0A0A3C68333E3C61206E616D653D227433223E3C2F613E266E6273703B20266E6273703B332920E8AEBEE7BDAE4A617661204D6574686F6420E5A4B43C2F68333E0A0A3C703E266E6273703B20266E6273703B20E98089E68BA9436F64652D2D4D6574686F6420626F6479E8BF9BE8A18CE7BC96E8BE91EFBC8CE6B7BBE58AA0E5A682E4B88BE4BFA1E681AF266E6273703B3C2F703E0A0A3C703E266E6273703B3C2F703E0A0A3C64697620636C6173733D2264702D686967686C6967687465722062675F6A61766122207374796C653D22666F6E742D66616D696C793A20436F6E736F6C61732C2027436F7572696572204E6577272C20436F75726965722C206D6F6E6F2C2073657269663B20666F6E742D73697A653A20313270783B206261636B67726F756E642D636F6C6F723A20726762283233312C203232392C20323230293B2077696474683A2036393370783B206F766572666C6F773A206175746F3B2070616464696E672D746F703A203170783B206D617267696E3A2031387078203070782021696D706F7274616E743B223E0A3C64697620636C6173733D2262617222207374796C653D2270616464696E672D6C6566743A20343570783B223E0A3C64697620636C6173733D22746F6F6C7322207374796C653D2270616464696E673A2033707820387078203130707820313070783B20666F6E742D73697A653A203970783B206C696E652D6865696768743A206E6F726D616C3B20666F6E742D66616D696C793A2056657264616E612C2047656E6576612C20417269616C2C2048656C7665746963612C2073616E732D73657269663B20636F6C6F723A2073696C7665723B206261636B67726F756E642D636F6C6F723A20726762283234382C203234382C20323438293B20626F726465722D6C6566742D77696474683A203370783B20626F726465722D6C6566742D7374796C653A20736F6C69643B20626F726465722D6C6566742D636F6C6F723A20726762283130382C203232362C20313038293B223E3C7374726F6E673E5B6A6176615D3C2F7374726F6E673E266E6273703B3C6120636C6173733D2256696577536F757263652220687265663D22687474703A2F2F626C6F672E6373646E2E6E65742F6C616E6D6F3535352F61727469636C652F64657461696C732F32313837313130392322207374796C653D22636F6C6F723A20726762283136302C203136302C20313630293B20746578742D6465636F726174696F6E3A206E6F6E653B206261636B67726F756E642D696D6167653A2075726C28687474703A2F2F7374617469632E626C6F672E6373646E2E6E65742F736372697074732F53796E746178486967686C6967687465722F7374796C65732F696D616765732F64656661756C742F69636F5F706C61696E2E676966293B206261636B67726F756E642D636F6C6F723A20696E68657269743B20626F726465723A206E6F6E653B2070616464696E673A203170783B206D617267696E3A20307078203130707820307078203070783B20666F6E742D73697A653A203970783B20646973706C61793A20696E6C696E652D626C6F636B3B2077696474683A20313670783B206865696768743A20313670783B20746578742D696E64656E743A202D3230303070783B206261636B67726F756E642D706F736974696F6E3A2030252030253B206261636B67726F756E642D7265706561743A206E6F2D726570656174206E6F2D7265706561743B22207469746C653D227669657720706C61696E223E7669657720706C61696E3C2F613E3C6120636C6173733D22436F7079546F436C6970626F6172642220687265663D22687474703A2F2F626C6F672E6373646E2E6E65742F6C616E6D6F3535352F61727469636C652F64657461696C732F32313837313130392322207374796C653D22636F6C6F723A20726762283136302C203136302C20313630293B20746578742D6465636F726174696F6E3A206E6F6E653B206261636B67726F756E642D696D6167653A2075726C28687474703A2F2F7374617469632E626C6F672E6373646E2E6E65742F736372697074732F53796E746178486967686C6967687465722F7374796C65732F696D616765732F64656661756C742F69636F5F636F70792E676966293B206261636B67726F756E642D636F6C6F723A20696E68657269743B20626F726465723A206E6F6E653B2070616464696E673A203170783B206D617267696E3A20307078203130707820307078203070783B20666F6E742D73697A653A203970783B20646973706C61793A20696E6C696E652D626C6F636B3B2077696474683A20313670783B206865696768743A20313670783B20746578742D696E64656E743A202D3230303070783B206261636B67726F756E642D706F736974696F6E3A2030252030253B206261636B67726F756E642D7265706561743A206E6F2D726570656174206E6F2D7265706561743B22207469746C653D22636F7079223E636F70793C2F613E3C6120687265663D2268747470733A2F2F636F64652E6373646E2E6E65742F736E6970706574732F32353139353522207374796C653D22636F6C6F723A20726762283136302C203136302C20313630293B20746578742D6465636F726174696F6E3A206E6F6E653B206261636B67726F756E642D696D6167653A206E6F6E653B206261636B67726F756E642D636F6C6F723A20696E68657269743B20626F726465723A206E6F6E653B2070616464696E673A203170783B206D617267696E3A20307078203130707820307078203070783B20666F6E742D73697A653A203970783B20646973706C61793A20696E6C696E652D626C6F636B3B2077696474683A20313670783B206865696768743A20313670783B206261636B67726F756E642D706F736974696F6E3A2030252030253B206261636B67726F756E642D7265706561743A206E6F2D726570656174206E6F2D7265706561743B22207461726765743D225F626C616E6B22207469746C653D22E59CA8434F4445E4B88AE69FA5E79C8BE4BBA3E7A081E78987223E3C696D6720616C743D22E59CA8434F4445E4B88AE69FA5E79C8BE4BBA3E7A081E7898722207372633D2268747470733A2F2F636F64652E6373646E2E6E65742F6173736574732F434F44455F69636F2E706E6722207374796C653D22626F726465723A6E6F6E653B206865696768743A313270783B206C6566743A3270783B206D61782D77696474683A313030253B20706F736974696F6E3A72656C61746976653B20746F703A3170783B2077696474683A3132707822202F3E3C2F613E3C6120687265663D2268747470733A2F2F636F64652E6373646E2E6E65742F736E6970706574732F3235313935352F666F726B22207374796C653D22636F6C6F723A20726762283136302C203136302C20313630293B20746578742D6465636F726174696F6E3A206E6F6E653B206261636B67726F756E642D696D6167653A206E6F6E653B206261636B67726F756E642D636F6C6F723A20696E68657269743B20626F726465723A206E6F6E653B2070616464696E673A203170783B206D617267696E3A20307078203130707820307078203070783B20666F6E742D73697A653A203970783B20646973706C61793A20696E6C696E652D626C6F636B3B2077696474683A20313670783B206865696768743A20313670783B206261636B67726F756E642D706F736974696F6E3A2030252030253B206261636B67726F756E642D7265706561743A206E6F2D726570656174206E6F2D7265706561743B22207461726765743D225F626C616E6B22207469746C653D22E6B4BEE7949FE588B0E68891E79A84E4BBA3E7A081E78987223E3C696D6720616C743D22E6B4BEE7949FE588B0E68891E79A84E4BBA3E7A081E7898722207372633D2268747470733A2F2F636F64652E6373646E2E6E65742F6173736574732F69636F5F666F726B2E73766722207374796C653D22626F726465723A6E6F6E653B206865696768743A313270783B206C6566743A3270783B206D61782D77696474683A313030253B20706F736974696F6E3A72656C61746976653B20746F703A3270783B2077696474683A3132707822202F3E3C2F613E0A0A3C646976207374796C653D22706F736974696F6E3A206162736F6C7574653B206C6566743A2035363570783B20746F703A203131303770783B2077696474683A20313870783B206865696768743A20313870783B207A2D696E6465783A2039393B223E266E6273703B3C2F6469763E0A3C2F6469763E0A3C2F6469763E0A0A3C6F6C2073746172743D2231223E0A093C6C693E3C7370616E207374796C653D226261636B67726F756E642D636F6C6F723A696E68657269743B20636F6C6F723A626C61636B223E3C7370616E207374796C653D226261636B67726F756E642D636F6C6F723A696E68657269743B20636F6C6F723A72676228302C203133302C203029223E2F2A3C2F7370616E3E266E6273703B3C2F7370616E3E3C2F6C693E0A093C6C693E3C7370616E207374796C653D226261636B67726F756E642D636F6C6F723A696E68657269743B20636F6C6F723A626C61636B223E3C7370616E207374796C653D226261636B67726F756E642D636F6C6F723A696E68657269743B20636F6C6F723A72676228302C203133302C203029223E2A266E6273703B40617574686F72266E6273703B3A266E6273703B247B757365727D3C2F7370616E3E266E6273703B3C2F7370616E3E3C2F6C693E0A093C6C693E3C7370616E207374796C653D226261636B67726F756E642D636F6C6F723A696E68657269743B20636F6C6F723A626C61636B223E3C7370616E207374796C653D226261636B67726F756E642D636F6C6F723A696E68657269743B20636F6C6F723A72676228302C203133302C203029223E2A266E6273703B406372656174696F6E266E6273703B3A266E6273703B247B646174657D266E6273703B247B74696D657D3C2F7370616E3E266E6273703B3C2F7370616E3E3C2F6C693E0A093C6C693E3C7370616E207374796C653D226261636B67726F756E642D636F6C6F723A696E68657269743B20636F6C6F723A626C61636B223E3C7370616E207374796C653D226261636B67726F756E642D636F6C6F723A696E68657269743B20636F6C6F723A72676228302C203133302C203029223E2A266E6273703B4066756E6374696F6E266E6273703B3A266E6273703B3C2F7370616E3E266E6273703B3C2F7370616E3E3C2F6C693E0A093C6C693E3C7370616E207374796C653D226261636B67726F756E642D636F6C6F723A696E68657269743B20636F6C6F723A626C61636B223E3C7370616E207374796C653D226261636B67726F756E642D636F6C6F723A696E68657269743B20636F6C6F723A72676228302C203133302C203029223E2A3C2F7370616E3E266E6273703B3C2F7370616E3E3C2F6C693E0A093C6C693E3C7370616E207374796C653D226261636B67726F756E642D636F6C6F723A696E68657269743B20636F6C6F723A626C61636B223E3C7370616E207374796C653D226261636B67726F756E642D636F6C6F723A696E68657269743B20636F6C6F723A72676228302C203133302C203029223E2A2F3C2F7370616E3E3C7370616E207374796C653D226261636B67726F756E642D636F6C6F723A696E6865726974223E266E6273703B266E6273703B3C2F7370616E3E3C2F7370616E3E3C2F6C693E0A3C2F6F6C3E0A3C2F6469763E0A0A3C703E266E6273703B3C2F703E0A0A3C68333E3C61206E616D653D227434223E3C2F613E266E6273703B20266E6273703B342920E8AEBEE7BDAEE9BB98E8AEA4E7BC96E7A081266E6273703B3C2F68333E0A0A3C703E266E6273703B3C2F703E0A0A3C703E332E20E8AEBEE7BDAE4A5350E69687E4BBB6E9BB98E8AEA4E7BC96E7A081E5928CE5A4B43C2F703E0A0A3C703E266E6273703B20266E6273703B312920E9BB98E8AEA4E6B7BBE58AA0E79A84E69687E4BBB6E5A4B43C2F703E0A0A3C64697620636C6173733D2264702D686967686C6967687465722062675F6A61766122207374796C653D22666F6E742D66616D696C793A20436F6E736F6C61732C2027436F7572696572204E6577272C20436F75726965722C206D6F6E6F2C2073657269663B20666F6E742D73697A653A20313270783B206261636B67726F756E642D636F6C6F723A20726762283233312C203232392C20323230293B2077696474683A2036393370783B206F766572666C6F773A206175746F3B2070616464696E672D746F703A203170783B206D617267696E3A2031387078203070782021696D706F7274616E743B223E0A3C64697620636C6173733D2262617222207374796C653D2270616464696E672D6C6566743A20343570783B223E0A3C64697620636C6173733D22746F6F6C7322207374796C653D2270616464696E673A2033707820387078203130707820313070783B20666F6E742D73697A653A203970783B206C696E652D6865696768743A206E6F726D616C3B20666F6E742D66616D696C793A2056657264616E612C2047656E6576612C20417269616C2C2048656C7665746963612C2073616E732D73657269663B20636F6C6F723A2073696C7665723B206261636B67726F756E642D636F6C6F723A20726762283234382C203234382C20323438293B20626F726465722D6C6566742D77696474683A203370783B20626F726465722D6C6566742D7374796C653A20736F6C69643B20626F726465722D6C6566742D636F6C6F723A20726762283130382C203232362C20313038293B223E3C7374726F6E673E5B6A6176615D3C2F7374726F6E673E266E6273703B3C6120636C6173733D2256696577536F757263652220687265663D22687474703A2F2F626C6F672E6373646E2E6E65742F6C616E6D6F3535352F61727469636C652F64657461696C732F32313837313130392322207374796C653D22636F6C6F723A20726762283136302C203136302C20313630293B20746578742D6465636F726174696F6E3A206E6F6E653B206261636B67726F756E642D696D6167653A2075726C28687474703A2F2F7374617469632E626C6F672E6373646E2E6E65742F736372697074732F53796E746178486967686C6967687465722F7374796C65732F696D616765732F64656661756C742F69636F5F706C61696E2E676966293B206261636B67726F756E642D636F6C6F723A20696E68657269743B20626F726465723A206E6F6E653B2070616464696E673A203170783B206D617267696E3A20307078203130707820307078203070783B20666F6E742D73697A653A203970783B20646973706C61793A20696E6C696E652D626C6F636B3B2077696474683A20313670783B206865696768743A20313670783B20746578742D696E64656E743A202D3230303070783B206261636B67726F756E642D706F736974696F6E3A2030252030253B206261636B67726F756E642D7265706561743A206E6F2D726570656174206E6F2D7265706561743B22207469746C653D227669657720706C61696E223E7669657720706C61696E3C2F613E3C6120636C6173733D22436F7079546F436C6970626F6172642220687265663D22687474703A2F2F626C6F672E6373646E2E6E65742F6C616E6D6F3535352F61727469636C652F64657461696C732F32313837313130392322207374796C653D22636F6C6F723A20726762283136302C203136302C20313630293B20746578742D6465636F726174696F6E3A206E6F6E653B206261636B67726F756E642D696D6167653A2075726C28687474703A2F2F7374617469632E626C6F672E6373646E2E6E65742F736372697074732F53796E746178486967686C6967687465722F7374796C65732F696D616765732F64656661756C742F69636F5F636F70792E676966293B206261636B67726F756E642D636F6C6F723A20696E68657269743B20626F726465723A206E6F6E653B2070616464696E673A203170783B206D617267696E3A20307078203130707820307078203070783B20666F6E742D73697A653A203970783B20646973706C61793A20696E6C696E652D626C6F636B3B2077696474683A20313670783B206865696768743A20313670783B20746578742D696E64656E743A202D3230303070783B206261636B67726F756E642D706F736974696F6E3A2030252030253B206261636B67726F756E642D7265706561743A206E6F2D726570656174206E6F2D7265706561743B22207469746C653D22636F7079223E636F70793C2F613E3C6120687265663D2268747470733A2F2F636F64652E6373646E2E6E65742F736E6970706574732F32353139353522207374796C653D22636F6C6F723A20726762283136302C203136302C20313630293B20746578742D6465636F726174696F6E3A206E6F6E653B206261636B67726F756E642D696D6167653A206E6F6E653B206261636B67726F756E642D636F6C6F723A20696E68657269743B20626F726465723A206E6F6E653B2070616464696E673A203170783B206D617267696E3A20307078203130707820307078203070783B20666F6E742D73697A653A203970783B20646973706C61793A20696E6C696E652D626C6F636B3B2077696474683A20313670783B206865696768743A20313670783B206261636B67726F756E642D706F736974696F6E3A2030252030253B206261636B67726F756E642D7265706561743A206E6F2D726570656174206E6F2D7265706561743B22207461726765743D225F626C616E6B22207469746C653D22E59CA8434F4445E4B88AE69FA5E79C8BE4BBA3E7A081E78987223E3C696D6720616C743D22E59CA8434F4445E4B88AE69FA5E79C8BE4BBA3E7A081E7898722207372633D2268747470733A2F2F636F64652E6373646E2E6E65742F6173736574732F434F44455F69636F2E706E6722207374796C653D22626F726465723A6E6F6E653B206865696768743A313270783B206C6566743A3270783B206D61782D77696474683A313030253B20706F736974696F6E3A72656C61746976653B20746F703A3170783B2077696474683A3132707822202F3E3C2F613E3C6120687265663D2268747470733A2F2F636F64652E6373646E2E6E65742F736E6970706574732F3235313935352F666F726B22207374796C653D22636F6C6F723A20726762283136302C203136302C20313630293B20746578742D6465636F726174696F6E3A206E6F6E653B206261636B67726F756E642D696D6167653A206E6F6E653B206261636B67726F756E642D636F6C6F723A20696E68657269743B20626F726465723A206E6F6E653B2070616464696E673A203170783B206D617267696E3A20307078203130707820307078203070783B20666F6E742D73697A653A203970783B20646973706C61793A20696E6C696E652D626C6F636B3B2077696474683A20313670783B206865696768743A20313670783B206261636B67726F756E642D706F736974696F6E3A2030252030253B206261636B67726F756E642D7265706561743A206E6F2D726570656174206E6F2D7265706561743B22207461726765743D225F626C616E6B22207469746C653D22E6B4BEE7949FE588B0E68891E79A84E4BBA3E7A081E78987223E3C696D6720616C743D22E6B4BEE7949FE588B0E68891E79A84E4BBA3E7A081E7898722207372633D2268747470733A2F2F636F64652E6373646E2E6E65742F6173736574732F69636F5F666F726B2E73766722207374796C653D22626F726465723A6E6F6E653B206865696768743A313270783B206C6566743A3270783B206D61782D77696474683A313030253B20706F736974696F6E3A72656C61746976653B20746F703A3270783B2077696474683A3132707822202F3E3C2F613E0A0A3C646976207374796C653D22706F736974696F6E3A206162736F6C7574653B206C6566743A2035363570783B20746F703A203134333070783B2077696474683A20313870783B206865696768743A20313870783B207A2D696E6465783A2039393B223E266E6273703B3C2F6469763E0A3C2F6469763E0A3C2F6469763E0A0A3C6F6C2073746172743D2231223E0A093C6C693E3C7370616E207374796C653D226261636B67726F756E642D636F6C6F723A696E68657269743B20636F6C6F723A626C61636B223E3C7370616E207374796C653D226261636B67726F756E642D636F6C6F723A696E68657269743B20636F6C6F723A72676228302C203133302C203029223E2F2A3C2F7370616E3E266E6273703B3C2F7370616E3E3C2F6C693E0A093C6C693E3C7370616E207374796C653D226261636B67726F756E642D636F6C6F723A696E68657269743B20636F6C6F723A626C61636B223E3C7370616E207374796C653D226261636B67726F756E642D636F6C6F723A696E68657269743B20636F6C6F723A72676228302C203133302C203029223E2A266E6273703B40617574686F72266E6273703B3A266E6273703B247B757365727D3C2F7370616E3E266E6273703B3C2F7370616E3E3C2F6C693E0A093C6C693E3C7370616E207374796C653D226261636B67726F756E642D636F6C6F723A696E68657269743B20636F6C6F723A626C61636B223E3C7370616E207374796C653D226261636B67726F756E642D636F6C6F723A696E68657269743B20636F6C6F723A72676228302C203133302C203029223E2A266E6273703B406372656174696F6E266E6273703B3A266E6273703B247B646174657D266E6273703B247B74696D657D3C2F7370616E3E266E6273703B3C2F7370616E3E3C2F6C693E0A093C6C693E3C7370616E207374796C653D226261636B67726F756E642D636F6C6F723A696E68657269743B20636F6C6F723A626C61636B223E3C7370616E207374796C653D226261636B67726F756E642D636F6C6F723A696E68657269743B20636F6C6F723A72676228302C203133302C203029223E2A266E6273703B406465736372697074696F6E266E6273703B3A266E6273703B3C2F7370616E3E266E6273703B3C2F7370616E3E3C2F6C693E0A093C6C693E3C7370616E207374796C653D226261636B67726F756E642D636F6C6F723A696E68657269743B20636F6C6F723A626C61636B223E3C7370616E207374796C653D226261636B67726F756E642D636F6C6F723A696E68657269743B20636F6C6F723A72676228302C203133302C203029223E2A3C2F7370616E3E266E6273703B3C2F7370616E3E3C2F6C693E0A093C6C693E3C7370616E207374796C653D226261636B67726F756E642D636F6C6F723A696E68657269743B20636F6C6F723A626C61636B223E3C7370616E207374796C653D226261636B67726F756E642D636F6C6F723A696E68657269743B20636F6C6F723A72676228302C203133302C203029223E2A2F3C2F7370616E3E3C7370616E207374796C653D226261636B67726F756E642D636F6C6F723A696E6865726974223E266E6273703B266E6273703B3C2F7370616E3E3C2F7370616E3E3C2F6C693E0A3C2F6F6C3E0A3C2F6469763E0A0A3C703E266E6273703B3C2F703E0A0A3C703E266E6273703B20266E6273703B322920E9BB98E8AEA4E7BC96E7A0813C2F703E0A0A3C703E266E6273703B20266E6273703B20266E6273703BE68993E5BC80266E6273703B4D7945636C697073652D2D46696C657320616E6420456469746F72732D2D4A535020E8AEBEE7BDAEE688907574662D383C2F703E0A0A3C703E266E6273703B20266E6273703B20266E6273703BE68993E5BC8020266E6273703B47656E6572616C2D2D456469746F72732D2D5370656C6C696E67202C20E8AEBEE7BDAE456E636F64696E6720266E6273703BE4B8BA205554462D383C2F703E0A3C2F6469763E0A3C2F6469763E0A, '2014-03-26 02:18:38', '2014-03-25 15:36:20', '1');

-- ----------------------------
-- Table structure for `category_info`
-- ----------------------------
DROP TABLE IF EXISTS `category_info`;
CREATE TABLE `category_info` (
  `id` int(11) NOT NULL AUTO_INCREMENT,
  `category_name` varchar(255) COLLATE utf8_bin DEFAULT NULL COMMENT '类别名称',
  `status` int(1) NOT NULL DEFAULT '1',
  PRIMARY KEY (`id`)
) ENGINE=InnoDB AUTO_INCREMENT=5 DEFAULT CHARSET=utf8 COLLATE=utf8_bin;

-- ----------------------------
-- Records of category_info
-- ----------------------------
INSERT INTO category_info VALUES ('1', '财务', '1');
INSERT INTO category_info VALUES ('2', '行政', '1');
INSERT INTO category_info VALUES ('3', '技术', '1');
INSERT INTO category_info VALUES ('4', '新闻', '1');

-- ----------------------------
-- Table structure for `dept_info`
-- ----------------------------
DROP TABLE IF EXISTS `dept_info`;
CREATE TABLE `dept_info` (
  `dept_id` int(10) NOT NULL AUTO_INCREMENT,
  `dept_name` varchar(100) COLLATE utf8_unicode_ci DEFAULT '',
  `dept_manager` int(10) DEFAULT '0' COMMENT '上级部门',
  `last_update` timestamp NOT NULL DEFAULT CURRENT_TIMESTAMP ON UPDATE CURRENT_TIMESTAMP,
  `status` int(10) DEFAULT '1',
  PRIMARY KEY (`dept_id`)
) ENGINE=InnoDB AUTO_INCREMENT=85 DEFAULT CHARSET=utf8 COLLATE=utf8_unicode_ci;

-- ----------------------------
-- Records of dept_info
-- ----------------------------
INSERT INTO dept_info VALUES ('44', '北京总部', '0', '2014-03-18 18:43:01', '1');
INSERT INTO dept_info VALUES ('45', '总经办', '44', '2014-03-17 18:05:04', '1');
INSERT INTO dept_info VALUES ('46', '财务部', '44', '2014-03-17 18:05:38', '1');
INSERT INTO dept_info VALUES ('48', '西安研发部', '0', '2014-03-17 18:04:15', '1');
INSERT INTO dept_info VALUES ('49', '硬件开发', '48', '2014-03-18 16:04:30', '1');
INSERT INTO dept_info VALUES ('50', '软件开发', '48', '2014-03-18 16:04:45', '1');
INSERT INTO dept_info VALUES ('53', '贵阳办事处', '0', '2014-03-17 18:04:50', '1');
INSERT INTO dept_info VALUES ('54', '实施部', '53', '2014-03-18 16:05:08', '0');
INSERT INTO dept_info VALUES ('70', '行政人事部', '44', '2014-03-17 18:05:56', '1');
INSERT INTO dept_info VALUES ('71', '行政', '70', '2014-03-17 18:06:12', '1');
INSERT INTO dept_info VALUES ('83', '人事', '70', '2014-03-17 18:11:06', '1');
INSERT INTO dept_info VALUES ('84', '产品部', '44', '2014-03-17 18:12:09', '1');

-- ----------------------------
-- Table structure for `file_info`
-- ----------------------------
DROP TABLE IF EXISTS `file_info`;
CREATE TABLE `file_info` (
  `id` int(11) NOT NULL AUTO_INCREMENT,
  `md5` varchar(32) DEFAULT '',
  `sha1` varchar(40) DEFAULT '',
  `fileSize` int(12) DEFAULT NULL,
  `fileName` varchar(255) DEFAULT NULL COMMENT 'Display Name',
  `fileType` varchar(15) DEFAULT NULL COMMENT 'File Ext Name',
  `pathFlag` int(1) DEFAULT '2' COMMENT '0: absolute path \r\n1: current path sub project \r\n2: sub webapp',
  `path` varchar(255) DEFAULT NULL,
  `securityLevel` int(2) DEFAULT '0' COMMENT 'SecurityLevel',
  `lastUpdate` timestamp NOT NULL DEFAULT '0000-00-00 00:00:00' ON UPDATE CURRENT_TIMESTAMP,
  `status` int(1) DEFAULT '1',
  `ctTime` datetime DEFAULT NULL,
  PRIMARY KEY (`id`),
  UNIQUE KEY `id` (`id`),
  KEY `fileName` (`fileName`),
  KEY `fileType` (`fileType`)
) ENGINE=InnoDB AUTO_INCREMENT=154 DEFAULT CHARSET=utf8;

-- ----------------------------
-- Records of file_info
-- ----------------------------
INSERT INTO file_info VALUES ('121', 'F2A8D2F9B9D949A429F0516FCF4B06F9', 'BC466EF807D2AF517857001F9CA539A0C3594680', '21267', 'js.docx', '.docx', '2', '/download-center/upload/teleframe/xingzheng/20140320100622014_0.docx', '0', '2014-03-20 10:06:22', '1', '2014-03-20 10:06:22');
INSERT INTO file_info VALUES ('122', '00F50AF286C4452205F78E28A6CC813A', '30EF8FED590D2195E3A2B61839FBFE4D53B329AC', '3077850', '制度.zip', '.zip', '2', '/download-center/upload/teleframe/xingzheng/20140320100622045_1.zip', '0', '2014-03-20 10:06:22', '1', '2014-03-20 10:06:22');
INSERT INTO file_info VALUES ('123', 'CFB387E9DB356EBADE06A65557AD0979', '0FA659FD26CE4694FE4C512FC7EDC7303EB08B87', '701791', 'SSH2Frame.docx', '.docx', '2', '/download-center/upload/teleframe/xingzheng/20140320100622841_2.docx', '0', '2014-03-20 10:06:22', '1', '2014-03-20 10:06:22');
INSERT INTO file_info VALUES ('124', '4BE635C5CC67FDA84A8E572DC883C896', 'F0E07D595C1C420359E22F2B87C1CFCD1986F75C', '722929', 'SSH2Frame.docx.pdf', '.pdf', '2', '/download-center/upload/teleframe/xingzheng/20140320100622903_3.pdf', '0', '2014-03-20 10:06:22', '1', '2014-03-20 10:06:22');
INSERT INTO file_info VALUES ('125', '3DF490264CCDBF0EF8429E32BE0AF414', '7F83F2DAB6FE4A24F29C4A3A17447E78FBB42A23', '56646', 'classDiagrams.png', '.png', '2', '/download-center/upload/user/photos/20140323095215494_0.png', '0', '2014-03-23 09:52:15', '1', '2014-03-23 21:52:15');
INSERT INTO file_info VALUES ('126', 'BA45C8F60456A672E003A875E469D0EB', '30420D1A9AFB2BCB60335812569AF4435A59CE17', '845941', 'Desert.jpg', '.jpg', '2', '/download-center/upload/user/photos/20140323095713785_0.jpg', '0', '2014-03-23 09:57:13', '1', '2014-03-23 21:57:13');
INSERT INTO file_info VALUES ('127', '2B04DF3ECC1D94AFDDFF082D139C6F15', '9C3DCB1F9185A314EA25D51AED3B5881B32F420C', '780831', 'Koala.jpg', '.jpg', '2', '/download-center/upload/user/photos/20140323100114975_0.jpg', '0', '2014-03-23 10:01:15', '1', '2014-03-23 22:01:15');
INSERT INTO file_info VALUES ('128', 'FAFA5EFEAF3CBE3B23B2748D13E629A1', '54C2F1A1EB6F12D681A5C7078421A5500CEE02AD', '620888', 'Tulips.jpg', '.jpg', '2', '/download-center/upload/user/photos/20140323100117789_0.jpg', '0', '2014-03-23 10:01:17', '1', '2014-03-23 22:01:17');
INSERT INTO file_info VALUES ('129', 'BDF3BF1DA3405725BE763540D6601144', 'D997E1C37EDC05AD87D03603E32AD495EE2CFCE1', '595284', 'Hydrangeas.jpg', '.jpg', '2', '/download-center/upload/20140323102310542_0.jpg', '0', '2014-03-23 10:23:10', '1', '2014-03-23 22:23:10');
INSERT INTO file_info VALUES ('130', '5A44C7BA5BBE4EC867233D67E4806848', '3B15BE84AFF20B322A93C0B9AAA62E25AD33B4B4', '775702', 'Jellyfish.jpg', '.jpg', '2', '/download-center/upload/20140323102343791_0.jpg', '0', '2014-03-23 10:23:43', '1', '2014-03-23 22:23:43');
INSERT INTO file_info VALUES ('131', '076E3CAED758A1C18C91A0E9CAE3368F', 'F5F8AD26819A471318D24631FA5055036712A87E', '879394', 'Chrysanthemum.jpg', '.jpg', '2', '/download-center/upload/20140323103947267_0.jpg', '0', '2014-03-23 10:39:47', '1', '2014-03-23 22:39:47');
INSERT INTO file_info VALUES ('132', 'D8C2EAFD90C266E19AB9DCACC479F8AF', '7C7C984066753D5CC52E97F26F4F7892DF67BACB', '26246026', 'Wildlife.wmv', '.wmv', '2', '/download-center/upload/user/photos/20140324111500629_0.wmv', '0', '2014-03-24 11:15:02', '1', '2014-03-24 11:15:02');
INSERT INTO file_info VALUES ('133', '322457554B8D9E6636D2CA9490A3B735', '7BE3227F9F71A225EB268DD511925172904E8EE0', '54641', 'carpoint.sql', '.sql', '2', '/download-center/upload/20140324105542017_0.sql', '0', '2014-03-24 10:55:42', '1', '2014-03-24 22:55:42');
INSERT INTO file_info VALUES ('134', '8969288F4245120E7C3870287CCE0FF3', '1B4605B0E20CECCF91AA278D10E81FAD64E24E27', '561276', 'Lighthouse.jpg', '.jpg', '2', '/download-center/upload/user/photos/20140324111601575_0.jpg', '0', '2014-03-24 11:16:01', '1', '2014-03-24 23:16:01');
INSERT INTO file_info VALUES ('135', '832E22DDB323066252D4D2F71B73A26D', '3ED9C2017E4CBBDBF00BDB2DDD8423AF9B2DB9EA', '2809312', '长沙市车辆特征比对管理系统使用手册-V1.3.pdf', '.pdf', '2', '/download-center/upload/user/photos/20140325121238754_0.pdf', '0', '2014-03-25 12:12:38', '1', '2014-03-25 00:12:38');
INSERT INTO file_info VALUES ('136', '78239CC20F3AFF0E0152DF258B7179C2', 'F7487B5D658EA7FF7D6651DA29E8F04787DB9EFD', '1859926', '0.PNG', '.PNG', '2', '/download-center/upload/user/photos/20140325122629442_0.PNG', '0', '2014-03-25 12:26:29', '1', '2014-03-25 00:26:29');
INSERT INTO file_info VALUES ('137', 'B6CC51125D3FFC1BD86100BFBC5B2942', 'B3E80619F19F3D20C2BACAD801343676F99C71F2', '1194481', '4.PNG', '.PNG', '2', '/download-center/upload/user/photos/20140325122745991_0.PNG', '0', '2014-03-25 12:27:46', '1', '2014-03-25 00:27:46');
INSERT INTO file_info VALUES ('138', 'BB0880AA2D532553E2EE4A803B82423B', 'B33F1EF926C8CC7BB621DE81613FD39AF4634B9D', '1553823', '16.PNG', '.PNG', '2', '/download-center/upload/user/photos/20140325122911240_0.PNG', '0', '2014-03-25 12:29:11', '1', '2014-03-25 00:29:11');
INSERT INTO file_info VALUES ('139', '2F75975C17F8B5714547EC53B3EA8DF7', 'A58D53FE717206C7412206E4A2C217CC248926FE', '1791682', '3.PNG', '.PNG', '2', '/download-center/upload/user/photos/20140325123021471_0.PNG', '0', '2014-03-25 12:30:21', '1', '2014-03-25 00:30:21');
INSERT INTO file_info VALUES ('140', '349BC8348C5C67C45EF0749872D3AF5E', '7852F5455E6E6D5A3F71B4084FD618340DB3FA77', '1603392', '18.PNG', '.PNG', '2', '/download-center/upload/user/photos/20140325124835408_0.PNG', '0', '2014-03-25 12:48:35', '1', '2014-03-25 00:48:35');
INSERT INTO file_info VALUES ('141', 'DFB8987B1CF5BFC8FCA74DA6CC34D5BA', 'EC7E31C79EA1844BAFC13D3EB1C3B7C4BAF3D191', '1644103', '10.PNG', '.PNG', '2', '/download-center/upload/user/photos/20140325125104309_0.PNG', '0', '2014-03-25 12:51:04', '1', '2014-03-25 00:51:04');
INSERT INTO file_info VALUES ('142', '9E55063569507420524887032B143997', 'E66E98ED68CF35AC52A64D10AFDD0B8136D95004', '1773677', '21.PNG', '.PNG', '2', '/download-center/upload/user/photos/20140325093135700_0.PNG', '0', '2014-03-25 09:31:35', '1', '2014-03-25 09:31:35');
INSERT INTO file_info VALUES ('143', 'F08FC042A04B01EC122C1E7DF7D5296B', '93F3789C4FA1548B7AF1880ACE6EC9DF4B727BC3', '1525104', '14.PNG', '.PNG', '2', '/download-center/upload/user/photos/20140325093837290_0.PNG', '0', '2014-03-25 09:38:37', '1', '2014-03-25 09:38:37');
INSERT INTO file_info VALUES ('144', '9D377B10CE778C4938B3C7E2C63A229A', 'DF7BE9DC4F467187783ACA68C7CE98E4DF2172D0', '777835', 'Penguins.jpg', '.jpg', '2', '/download-center/upload/user/photos/20140325121125696_0.jpg', '0', '2014-03-25 12:11:25', '1', '2014-03-25 12:11:25');
INSERT INTO file_info VALUES ('145', '69883F8AF1A082B2FBB62F50542687FD', '222C9D00D3A72FEC38040306BF204D3F41BBC937', '301247', '《员工出差管理补充规定》-20140227.pdf', '.pdf', '2', '/download-center/upload/user/photos/20140325012902882_0.pdf', '0', '2014-03-25 01:29:02', '1', '2014-03-25 13:29:02');
INSERT INTO file_info VALUES ('146', '9B2D3897F9C956326DAF3B0F00FD055B', 'E6584D8C9C887ADCA5C0E5B657B1A41537FB1AC5', '363192', '员工出差出发申请表.docx', '.docx', '2', '/download-center/upload/user/photos/20140325012924852_0.docx', '0', '2014-03-25 01:29:24', '1', '2014-03-25 13:29:24');
INSERT INTO file_info VALUES ('147', 'ED426EDB086B014170C888AD5B518F38', 'FB788465C57C49716A9D30716471AF2AEFF4BC37', '364456', '员工出差结束申请表.docx', '.docx', '2', '/download-center/upload/user/photos/20140325012928449_0.docx', '0', '2014-03-25 01:29:28', '1', '2014-03-25 13:29:28');
INSERT INTO file_info VALUES ('148', 'E418CBB69E4431CA9CF7D6CEC9D5B8F8', '4C16BB0A9322D5257E5CE6C513B73347FAD0DEEB', '1707200', '17.PNG', '.PNG', '2', '/download-center/upload/user/photos/20140325015443314_0.PNG', '0', '2014-03-25 01:54:43', '1', '2014-03-25 13:54:43');
INSERT INTO file_info VALUES ('149', '06895CB73D7BBF9DD58926D8D3C98D73', '48F3FE31967188299013D36ED891E1C18397DC8A', '3722', 'menu.js', '.js', '2', '/download-center/upload/user/photos/20140325015501958_0.js', '0', '2014-03-25 01:55:01', '1', '2014-03-25 13:55:01');
INSERT INTO file_info VALUES ('150', 'F8E7DB6BB59CD97D49601D6C9D74A4E5', '39E2A209BF383942E70A2A0CDF62F98791CFCA0F', '98816', 't_s_lpr_result.xls', '.xls', '2', '/download-center/upload/user/photos/20140325015511694_0.xls', '0', '2014-03-25 01:55:11', '1', '2014-03-25 13:55:11');
INSERT INTO file_info VALUES ('151', '833A8813D3600029F3C48C31B4F04F9B', '22C4491C32E79C280A2D460DAE6C88DFCCF8EA53', '1252816', '13.PNG', '.PNG', '2', '/download-center/upload/user/photos/20140325031815521_0.PNG', '0', '2014-03-25 03:18:15', '1', '2014-03-25 15:18:15');
INSERT INTO file_info VALUES ('152', 'BDA26FFF61E4BECF6A152E5670A1043C', '4E09E42ED7255A44449FBF8B73BC9529F79B705B', '76209', '0.jpg', '.jpg', '2', '/download-center/upload/user/photos/20140326021946429_0.jpg', '0', '2014-03-26 02:19:46', '1', '2014-03-26 02:19:46');
INSERT INTO file_info VALUES ('153', '2E93FA88D509826D710369AACCE778B2', '078F998B9C46D9D718A2C7B0CF2FBCE718305135', '3373', '120.jpg', '.jpg', '2', '/download-center/upload/user/photos/20140326022009775_0.jpg', '0', '2014-03-26 02:20:09', '1', '2014-03-26 02:20:09');

-- ----------------------------
-- Table structure for `role_info`
-- ----------------------------
DROP TABLE IF EXISTS `role_info`;
CREATE TABLE `role_info` (
  `role_id` int(10) NOT NULL AUTO_INCREMENT,
  `role_name` varchar(50) COLLATE utf8_unicode_ci DEFAULT '',
  `last_update` timestamp NOT NULL DEFAULT CURRENT_TIMESTAMP ON UPDATE CURRENT_TIMESTAMP,
  `status` int(10) NOT NULL DEFAULT '1',
  PRIMARY KEY (`role_id`)
) ENGINE=InnoDB AUTO_INCREMENT=23 DEFAULT CHARSET=utf8 COLLATE=utf8_unicode_ci;

-- ----------------------------
-- Records of role_info
-- ----------------------------
INSERT INTO role_info VALUES ('1', '管理员', '2014-03-19 19:12:20', '1');
INSERT INTO role_info VALUES ('2', '管理员2', '2014-01-13 16:33:45', '0');
INSERT INTO role_info VALUES ('8', '测试', '2014-01-13 11:36:01', '1');
INSERT INTO role_info VALUES ('9', 'PM1', '2014-03-05 14:42:32', '1');
INSERT INTO role_info VALUES ('13', 'test', '2014-03-05 13:10:16', '1');
INSERT INTO role_info VALUES ('14', '发到', '2014-03-05 13:27:49', '0');
INSERT INTO role_info VALUES ('15', '个地方撒', '2014-03-05 13:27:46', '0');
INSERT INTO role_info VALUES ('16', '范德萨发安定发到啊', '2014-03-05 13:27:43', '0');
INSERT INTO role_info VALUES ('17', 'abc', '2014-03-18 17:40:46', '1');
INSERT INTO role_info VALUES ('18', 'karl', '2014-03-18 18:17:46', '1');
INSERT INTO role_info VALUES ('21', '852', '2014-03-18 18:18:47', '0');
INSERT INTO role_info VALUES ('22', '刑侦', '2014-03-24 10:55:15', '1');

-- ----------------------------
-- Table structure for `ruler_info`
-- ----------------------------
DROP TABLE IF EXISTS `ruler_info`;
CREATE TABLE `ruler_info` (
  `ruler_id` int(10) NOT NULL AUTO_INCREMENT,
  `ruler_name` varchar(100) COLLATE utf8_unicode_ci DEFAULT '',
  `url` varchar(100) COLLATE utf8_unicode_ci DEFAULT '',
  `level` int(10) DEFAULT '1' COMMENT '菜单等级，从1开始',
  `echo` int(10) DEFAULT '1' COMMENT '1,显示;0,不显示',
  `manager` int(10) DEFAULT '0' COMMENT '上级菜单',
  `target` varchar(100) COLLATE utf8_unicode_ci DEFAULT '',
  `sortorder` int(10) DEFAULT '0' COMMENT '菜单排序,数字小的排序靠前',
  `last_update` timestamp NOT NULL DEFAULT CURRENT_TIMESTAMP ON UPDATE CURRENT_TIMESTAMP,
  `status` int(10) NOT NULL DEFAULT '1',
  PRIMARY KEY (`ruler_id`)
) ENGINE=InnoDB AUTO_INCREMENT=50 DEFAULT CHARSET=utf8 COLLATE=utf8_unicode_ci;

-- ----------------------------
-- Records of ruler_info
-- ----------------------------
INSERT INTO ruler_info VALUES ('1', '组织管理', '', '1', '1', '0', '_self', '2', '2014-03-14 11:07:15', '1');
INSERT INTO ruler_info VALUES ('2', '人员管理', '/UserAction?', '2', '1', '1', 'main', '3', '2014-03-25 23:43:41', '1');
INSERT INTO ruler_info VALUES ('3', '角色管理', 'RoleAction?', '2', '1', '1', 'main', '1', '2014-03-25 13:22:35', '1');
INSERT INTO ruler_info VALUES ('4', '部门管理', 'DeptAction?', '2', '1', '1', 'main', '2', '2014-03-25 13:22:38', '1');
INSERT INTO ruler_info VALUES ('5', '系统管理', '', '1', '1', '0', '_self', '1', '2014-03-14 11:07:56', '1');
INSERT INTO ruler_info VALUES ('6', '菜单管理', 'RulerAction?', '2', '1', '5', 'main', '0', '2014-03-25 13:22:41', '1');
INSERT INTO ruler_info VALUES ('15', '文件中心', '', '1', '1', '0', '_self', '3', '2014-03-14 11:07:22', '1');
INSERT INTO ruler_info VALUES ('16', '文件管理', 'FileAction?', '2', '1', '15', 'main', '0', '2014-03-25 13:22:44', '1');
INSERT INTO ruler_info VALUES ('33', '行政管理', '', '1', '0', '0', '_blank', '4', '2014-03-14 10:44:19', '1');
INSERT INTO ruler_info VALUES ('34', '规章制度', 'ArticleAction?articleInfo.category=2', '2', '1', '33', 'main', '0', '2014-03-26 01:46:44', '1');
INSERT INTO ruler_info VALUES ('47', '财务管理', '', '1', '1', '0', '_self', '5', '2014-03-14 10:53:39', '1');
INSERT INTO ruler_info VALUES ('48', '财务制度', 'ArticleAction?articleInfo.category=1', '2', '1', '47', 'main', '0', '2014-03-26 01:50:30', '1');

-- ----------------------------
-- Table structure for `ruler_role`
-- ----------------------------
DROP TABLE IF EXISTS `ruler_role`;
CREATE TABLE `ruler_role` (
  `id` int(10) NOT NULL AUTO_INCREMENT,
  `role_id` int(10) DEFAULT NULL,
  `ruler_id` int(10) DEFAULT NULL,
  `ruler_word` varchar(100) CHARACTER SET utf8 COLLATE utf8_bin DEFAULT '',
  `last_update` timestamp NOT NULL DEFAULT CURRENT_TIMESTAMP ON UPDATE CURRENT_TIMESTAMP,
  `status` int(10) DEFAULT '1',
  PRIMARY KEY (`id`)
) ENGINE=InnoDB AUTO_INCREMENT=199 DEFAULT CHARSET=utf8 COLLATE=utf8_unicode_ci;

-- ----------------------------
-- Records of ruler_role
-- ----------------------------
INSERT INTO ruler_role VALUES ('42', '8', '1', 'iuvd', '2014-01-13 11:36:01', '1');
INSERT INTO ruler_role VALUES ('43', '8', '2', 'iuvd', '2014-01-13 11:36:01', '1');
INSERT INTO ruler_role VALUES ('44', '8', '3', 'iuvd', '2014-01-13 11:36:01', '1');
INSERT INTO ruler_role VALUES ('45', '8', '4', 'iuvd', '2014-01-13 11:36:01', '1');
INSERT INTO ruler_role VALUES ('46', '8', '5', 'uvid', '2014-01-13 11:36:01', '1');
INSERT INTO ruler_role VALUES ('47', '8', '6', 'u', '2014-01-13 11:36:01', '1');
INSERT INTO ruler_role VALUES ('131', '9', '1', 'uvid', '2014-03-05 14:42:32', '1');
INSERT INTO ruler_role VALUES ('132', '9', '2', 'iuvd', '2014-03-05 14:42:32', '1');
INSERT INTO ruler_role VALUES ('133', '9', '3', 'iuvd', '2014-03-05 14:42:32', '1');
INSERT INTO ruler_role VALUES ('134', '9', '4', 'iuvd', '2014-03-05 14:42:32', '1');
INSERT INTO ruler_role VALUES ('135', '9', '5', 'uvid', '2014-03-05 14:42:32', '1');
INSERT INTO ruler_role VALUES ('136', '9', '6', 'iuvd', '2014-03-05 14:42:32', '1');
INSERT INTO ruler_role VALUES ('137', '9', '15', 'iuvd', '2014-03-05 14:42:32', '1');
INSERT INTO ruler_role VALUES ('138', '9', '16', 'iuvd', '2014-03-05 14:42:32', '1');
INSERT INTO ruler_role VALUES ('147', '17', '5', 'uivd', '2014-03-18 17:40:46', '1');
INSERT INTO ruler_role VALUES ('148', '17', '6', 'uivd', '2014-03-18 17:40:46', '1');
INSERT INTO ruler_role VALUES ('155', '21', '1', 'uivd', '2014-03-18 18:14:03', '1');
INSERT INTO ruler_role VALUES ('156', '21', '2', null, '2014-03-18 18:14:03', '1');
INSERT INTO ruler_role VALUES ('157', '21', '3', 'uivd', '2014-03-18 18:14:03', '1');
INSERT INTO ruler_role VALUES ('158', '21', '4', 'uivd', '2014-03-18 18:14:03', '1');
INSERT INTO ruler_role VALUES ('159', '18', '1', 'uvid', '2014-03-18 18:17:46', '1');
INSERT INTO ruler_role VALUES ('160', '18', '2', 'idu', '2014-03-18 18:17:46', '1');
INSERT INTO ruler_role VALUES ('161', '18', '3', 'idv', '2014-03-18 18:17:46', '1');
INSERT INTO ruler_role VALUES ('162', '18', '4', 'iuv', '2014-03-18 18:17:46', '1');
INSERT INTO ruler_role VALUES ('163', '18', '5', 'uivd', '2014-03-18 18:17:46', '1');
INSERT INTO ruler_role VALUES ('164', '18', '6', 'duv', '2014-03-18 18:17:46', '1');
INSERT INTO ruler_role VALUES ('165', '1', '1', 'uvid', '2014-03-19 19:12:20', '1');
INSERT INTO ruler_role VALUES ('166', '1', '2', 'iuvd', '2014-03-19 19:12:20', '1');
INSERT INTO ruler_role VALUES ('167', '1', '3', 'duvi', '2014-03-19 19:12:20', '1');
INSERT INTO ruler_role VALUES ('168', '1', '4', 'iuvd', '2014-03-19 19:12:20', '1');
INSERT INTO ruler_role VALUES ('169', '1', '5', 'uvid', '2014-03-19 19:12:20', '1');
INSERT INTO ruler_role VALUES ('170', '1', '6', 'uvid', '2014-03-19 19:12:20', '1');
INSERT INTO ruler_role VALUES ('171', '1', '15', 'uvid', '2014-03-19 19:12:20', '1');
INSERT INTO ruler_role VALUES ('172', '1', '16', 'iuvd', '2014-03-19 19:12:20', '1');
INSERT INTO ruler_role VALUES ('173', '1', '33', 'uivd', '2014-03-19 19:12:20', '1');
INSERT INTO ruler_role VALUES ('174', '1', '34', 'uivd', '2014-03-19 19:12:20', '1');
INSERT INTO ruler_role VALUES ('175', '1', '47', 'uivd', '2014-03-19 19:12:20', '1');
INSERT INTO ruler_role VALUES ('176', '1', '48', 'uivd', '2014-03-19 19:12:20', '1');
INSERT INTO ruler_role VALUES ('177', '1', '49', 'uivd', '2014-03-19 19:12:20', '1');
INSERT INTO ruler_role VALUES ('193', '22', '1', 'uvid', '2014-03-24 10:55:15', '1');
INSERT INTO ruler_role VALUES ('194', '22', '2', 'uivd', '2014-03-24 10:55:15', '1');
INSERT INTO ruler_role VALUES ('195', '22', '3', 'uivd', '2014-03-24 10:55:15', '1');
INSERT INTO ruler_role VALUES ('196', '22', '4', null, '2014-03-24 10:55:15', '1');
INSERT INTO ruler_role VALUES ('197', '22', '15', 'uvid', '2014-03-24 10:55:15', '1');
INSERT INTO ruler_role VALUES ('198', '22', '16', 'uivd', '2014-03-24 10:55:15', '1');

-- ----------------------------
-- Table structure for `syslog`
-- ----------------------------
DROP TABLE IF EXISTS `syslog`;
CREATE TABLE `syslog` (
  `id` int(11) NOT NULL AUTO_INCREMENT,
  `user_id` int(11) DEFAULT NULL,
  `ip` varchar(127) DEFAULT NULL,
  `user_name` varchar(63) DEFAULT NULL,
  `content` varchar(511) DEFAULT NULL,
  `created_on` timestamp NULL DEFAULT NULL ON UPDATE CURRENT_TIMESTAMP,
  `status` int(1) DEFAULT '1',
  PRIMARY KEY (`id`)
) ENGINE=InnoDB AUTO_INCREMENT=125 DEFAULT CHARSET=utf8;

-- ----------------------------
-- Records of syslog
-- ----------------------------

-- ----------------------------
-- Table structure for `user_info`
-- ----------------------------
DROP TABLE IF EXISTS `user_info`;
CREATE TABLE `user_info` (
  `user_id` int(11) NOT NULL AUTO_INCREMENT,
  `user_name` varchar(64) CHARACTER SET utf8 COLLATE utf8_bin NOT NULL DEFAULT '',
  `user_passwd` varchar(128) CHARACTER SET utf8 COLLATE utf8_bin NOT NULL DEFAULT '21232F297A57A5A743894A0E4A801FC3' COMMENT 'admin',
  `user_role` int(11) DEFAULT NULL,
  `user_birth` timestamp NULL DEFAULT NULL,
  `user_photo` varchar(255) DEFAULT '',
  `user_department` int(11) DEFAULT NULL,
  `last_update` timestamp NOT NULL DEFAULT CURRENT_TIMESTAMP ON UPDATE CURRENT_TIMESTAMP,
  `status` int(11) DEFAULT '1',
  PRIMARY KEY (`user_id`)
) ENGINE=InnoDB AUTO_INCREMENT=12 DEFAULT CHARSET=utf8;

-- ----------------------------
-- Records of user_info
-- ----------------------------
INSERT INTO user_info VALUES ('1', 'admin', '21232F297A57A5A743894A0E4A801FC3', '1', '2009-07-20 00:00:00', '/download-center/upload/user/photos/20140323095713785_0.jpg', '84', '2014-03-25 12:59:02', '1');
INSERT INTO user_info VALUES ('2', 'karl李建', '46529B040A31EAB2245464B7C9950B5C', '1', '1990-07-30 00:00:00', '/download-center/upload/user/photos/20140319054109855_0.jpg', '44', '2014-03-26 02:23:19', '0');
INSERT INTO user_info VALUES ('3', 'karl.li', '46529B040A31EAB2245464B7C9950B5C', '1', '2013-12-30 00:00:00', '/download-center/upload/user/photos/20140319054205892_0.jpg', '50', '2014-03-26 02:23:23', '0');
INSERT INTO user_info VALUES ('5', '李建12', '46529B040A31EAB2245464B7C9950B5C', '0', null, '/download-center/upload/user/photos/20140319051957746_0.jpg', '0', '2014-03-26 02:29:57', '0');
INSERT INTO user_info VALUES ('6', '李建', '46529B040A31EAB2245464B7C9950B5C', '1', '1990-07-30 00:00:00', '/download-center/upload/user/photos/20140326022009775_0.jpg', '84', '2014-03-26 02:23:07', '1');
INSERT INTO user_info VALUES ('7', 'test', 'E10ADC3949BA59ABBE56E057F20F883E', '0', null, '/download-center/upload/user/photos/20140319054037760_0.png', '0', '2014-03-19 17:41:59', '0');
INSERT INTO user_info VALUES ('8', '刑侦支队', 'E10ADC3949BA59ABBE56E057F20F883E', '22', '2014-03-25 00:00:00', '/download-center/upload/user/photos/20140323100114975_0.jpg', '44', '2014-03-25 11:28:52', '1');
INSERT INTO user_info VALUES ('9', '辛文俊', 'E10ADC3949BA59ABBE56E057F20F883E', '1', null, '/download-center/upload/user/photos/20140326021946429_0.jpg', '44', '2014-03-26 02:19:49', '1');
INSERT INTO user_info VALUES ('10', 'a0987666', 'E10ADC3949BA59ABBE56E057F20F883E', '0', '2014-03-26 00:00:00', '', '0', '2014-03-26 02:31:59', '0');
INSERT INTO user_info VALUES ('11', 'b761263', 'E10ADC3949BA59ABBE56E057F20F883E', '0', null, '', '0', '2014-03-26 02:32:30', '0');

-- ----------------------------
-- Table structure for `user_login`
-- ----------------------------
DROP TABLE IF EXISTS `user_login`;
CREATE TABLE `user_login` (
  `id` int(10) NOT NULL AUTO_INCREMENT,
  `login_id` int(10) NOT NULL,
  `login_ip` varchar(150) COLLATE utf8_unicode_ci DEFAULT '',
  `login_time` timestamp NOT NULL DEFAULT CURRENT_TIMESTAMP ON UPDATE CURRENT_TIMESTAMP,
  PRIMARY KEY (`id`)
) ENGINE=InnoDB AUTO_INCREMENT=1760 DEFAULT CHARSET=utf8 COLLATE=utf8_unicode_ci;

-- ----------------------------
-- Records of user_login
-- ----------------------------
