/*
Navicat MySQL Data Transfer

Source Server         : 10.168.1.252
Source Server Version : 50513
Source Host           : 10.168.1.252:3306
Source Database       : ssh2

Target Server Type    : MYSQL
Target Server Version : 50513
File Encoding         : 65001

Date: 2014-03-19 17:44:36
*/

SET FOREIGN_KEY_CHECKS=0;
-- ----------------------------
-- Table structure for `dept_info`
-- ----------------------------
DROP TABLE IF EXISTS `dept_info`;
CREATE TABLE `dept_info` (
  `dept_id` int(10) NOT NULL AUTO_INCREMENT,
  `dept_name` varchar(100) COLLATE utf8_unicode_ci DEFAULT '',
  `dept_manager` int(10) DEFAULT '0' COMMENT '上级部门',
  `last_update` timestamp NOT NULL DEFAULT CURRENT_TIMESTAMP ON UPDATE CURRENT_TIMESTAMP,
  `status` int(10) DEFAULT '1',
  PRIMARY KEY (`dept_id`)
) ENGINE=InnoDB AUTO_INCREMENT=88 DEFAULT CHARSET=utf8 COLLATE=utf8_unicode_ci;

-- ----------------------------
-- Records of dept_info
-- ----------------------------
INSERT INTO dept_info VALUES ('44', '北京总部', '0', '2014-03-18 18:43:01', '1');
INSERT INTO dept_info VALUES ('45', '总经办', '44', '2014-03-17 18:05:04', '1');
INSERT INTO dept_info VALUES ('46', '财务部', '44', '2014-03-17 18:05:38', '1');
INSERT INTO dept_info VALUES ('48', '西安研发部', '0', '2014-03-17 18:04:15', '1');
INSERT INTO dept_info VALUES ('49', '硬件开发', '48', '2014-03-18 16:04:30', '1');
INSERT INTO dept_info VALUES ('50', '软件开发', '48', '2014-03-18 16:04:45', '1');
INSERT INTO dept_info VALUES ('53', '贵阳办事处', '0', '2014-03-17 18:04:50', '1');
INSERT INTO dept_info VALUES ('54', '实施部', '53', '2014-03-18 16:05:08', '0');
INSERT INTO dept_info VALUES ('70', '行政人事部', '44', '2014-03-17 18:05:56', '1');
INSERT INTO dept_info VALUES ('71', '行政', '70', '2014-03-17 18:06:12', '1');
INSERT INTO dept_info VALUES ('83', '人事', '70', '2014-03-17 18:11:06', '1');
INSERT INTO dept_info VALUES ('84', '产品部', '44', '2014-03-17 18:12:09', '1');

-- ----------------------------
-- Table structure for `file_info`
-- ----------------------------
DROP TABLE IF EXISTS `file_info`;
CREATE TABLE `file_info` (
  `id` int(11) NOT NULL AUTO_INCREMENT,
  `md5` varchar(32) DEFAULT '',
  `sha1` varchar(40) DEFAULT '',
  `fileSize` int(12) DEFAULT NULL,
  `fileName` varchar(255) DEFAULT NULL COMMENT 'Display Name',
  `fileType` varchar(15) DEFAULT NULL COMMENT 'File Ext Name',
  `pathFlag` int(1) DEFAULT '2' COMMENT '0: absolute path \r\n1: current path sub project \r\n2: sub webapp',
  `path` varchar(255) DEFAULT NULL,
  `securityLevel` int(2) DEFAULT '0' COMMENT 'SecurityLevel',
  `lastUpdate` timestamp NOT NULL DEFAULT '0000-00-00 00:00:00' ON UPDATE CURRENT_TIMESTAMP,
  `status` int(1) DEFAULT '1',
  `ctTime` datetime DEFAULT NULL,
  PRIMARY KEY (`id`),
  UNIQUE KEY `id` (`id`),
  KEY `fileName` (`fileName`),
  KEY `fileType` (`fileType`)
) ENGINE=InnoDB AUTO_INCREMENT=116 DEFAULT CHARSET=utf8;

-- ----------------------------
-- Records of file_info
-- ----------------------------
INSERT INTO file_info VALUES ('73', 'E682D8C921E30187E39333B60B124995', 'AC76D9F04F11AEFAB7084F7BD5485F1326C92621', '4320054', '20131107_101151.bmp', '.bmp', '2', '/download-center/upload/teleframe/行政/20140311044825335_0.bmp', '0', '2014-03-11 04:48:25', '1', '2014-03-11 16:48:25');
INSERT INTO file_info VALUES ('74', 'A2489818D79EB8DCA82908DFF6AB670F', '19B5198FC2EAD1848FA35D1B15E41B899AE78E33', '178598', 'jacobBin_17.zip', '.zip', '2', '/download-center/upload/teleframe/行政/20140311044825814_1.zip', '0', '2014-03-11 04:48:25', '1', '2014-03-11 16:48:25');
INSERT INTO file_info VALUES ('75', '4524FCA5B7AD0CE480AB713753B7DCC9', '992840D965ED3B59F076A2110F0D0BF87AD024AA', '1303', 'Teleframe智能监控系统新方案数据设计和工作计划报告.pptx', '.pptx', '2', '/download-center/upload/teleframe/行政/20140311044825879_2.pptx', '0', '2014-03-11 04:48:25', '1', '2014-03-11 16:48:25');
INSERT INTO file_info VALUES ('77', '31F965183E2DFA7E3E0E4CBAC1F4583A', '7197731B82AB5EBE29CB9F7ADE7E7052E602106F', '15151', 'Struts2Example19.zip', '.zip', '2', '/download-center/upload/teleframe/行政/20140311044825979_4.zip', '0', '2014-03-11 04:48:25', '1', '2014-03-11 16:48:25');
INSERT INTO file_info VALUES ('82', '835F9DF22E4F849516EB071D454F159B', '0272FC63FA675E09491EA4E25536BD17C8C95042', '36049', '2013.11.26贵州省检察院初步考察0.pptx', '.pptx', '2', '/download-center/upload/teleframe/行政/20140317024616888_2.pptx', '0', '2014-03-17 02:46:16', '1', '2014-03-17 14:46:16');
INSERT INTO file_info VALUES ('83', 'E1695F561838E64CB3475F6AE9A881F9', 'ED91BDC6C5C000AF93E0CD1591ACA97DB33022F9', '4795586', '2013.11.1文档管理 - 报告.pptx', '.pptx', '2', '/download-center/upload/teleframe/行政/20140317024616933_3.pptx', '0', '2014-03-17 02:46:17', '1', '2014-03-17 14:46:17');
INSERT INTO file_info VALUES ('84', 'AC4C8FF36022D2FD0F2ACB3FBB839689', '52806A5E922E99B703103EBFB93E2B0EA0260D47', '656331', 'teleframemonitor130405123220.sql', '.sql', '2', '/download-center/upload/teleframe/行政/20140317024617155_4.sql', '0', '2014-03-17 02:46:17', '1', '2014-03-17 14:46:17');
INSERT INTO file_info VALUES ('85', '7DE7AC4675EC0ED5BC9152E939C14868', '87B018EA9C2E168202EEDEA4770C761140655219', '67672', 'Teleframe智能视频监控WEB系统开发文档.docx', '.docx', '2', '/download-center/upload/teleframe/行政/20140317024617217_5.docx', '0', '2014-03-17 02:46:17', '1', '2014-03-17 14:46:17');
INSERT INTO file_info VALUES ('86', 'CB179B9CE402758A184BC446713CD48F', '9528B60E8E1EC66171BBD5880447A30DF0424D24', '134656', '电子警察需求分析 - 综合管理平台功能.xls', '.xls', '2', '/download-center/upload/teleframe/行政/20140317024617245_6.xls', '0', '2014-03-17 02:46:17', '1', '2014-03-17 14:46:17');
INSERT INTO file_info VALUES ('87', '96BF2D5E7418093D9992FE9FB326FBB5', '602DB404C5E13577846AEBF5A88C89A624ADBACA', '4007156', '项目开发文档-模版.zip', '.zip', '2', '/download-center/upload/teleframe/行政/20140317024617276_7.zip', '0', '2014-03-17 02:46:17', '1', '2014-03-17 14:46:17');
INSERT INTO file_info VALUES ('88', '98D4F57C46C347EFABA8D2B716D2DB7E', '8E353FA655D132E53292CB4A621725920C82FAE4', '122', '_indexOfProduction.ini', '.ini', '2', '/download-center/upload/teleframe/行政/20140317024617577_8.ini', '0', '2014-03-17 02:46:17', '1', '2014-03-17 14:46:17');
INSERT INTO file_info VALUES ('89', '019ACAB19E03AD553431F7B49152FD81', '0CF2C9AE3880CF7156090FB32286B1184339F2E3', '9508352', '信帧电子技术（北京）有限公司201211.ppt', '.ppt', '2', '/download-center/upload/teleframe/行政/20140317025436295_0.ppt', '0', '2014-03-17 02:54:36', '1', '2014-03-17 14:54:36');
INSERT INTO file_info VALUES ('90', 'C2BF85D7AA53DAACDD7BDC9FD0B296F1', '1FED2A820AB2714094D28259AE4E8DFA72ADC323', '8472959', '信帧智能交通(ITS)WEB系统使用手册.docx', '.docx', '2', '/download-center/upload/teleframe/行政/20140317025703257_0.docx', '0', '2014-03-17 02:57:03', '1', '2014-03-17 14:57:03');
INSERT INTO file_info VALUES ('91', '3F6926506D46050008147260351D0FC6', 'FD187EE5C6ABDA814267FD0C477AD94CA8187F31', '141701', '154634_969.jpg', '.jpg', '2', '/download-center/upload/user/photos/20140319044922230_0.jpg', '0', '2014-03-19 04:49:22', '1', '2014-03-19 16:49:22');
INSERT INTO file_info VALUES ('106', '69C08CB6311B7A14A2FCF166D13AFB6E', 'D7953DB09E46E4B52B9541D0BC28189ED47A146F', '22292', 'feng1.JPG', '.JPG', '2', '/download-center/upload/user/photos/20140319051929288_0.JPG', '0', '2014-03-19 05:19:29', '1', '2014-03-19 17:19:29');
INSERT INTO file_info VALUES ('107', 'AF951CCBA2D113E8CBA9BABF537DDF0A', '3617E4E196A8340B2A2EFF0A703D3DC7463E4395', '370343', 'earth space.jpg', '.jpg', '2', '/download-center/upload/user/photos/20140319051947180_0.jpg', '0', '2014-03-19 05:19:47', '1', '2014-03-19 17:19:47');
INSERT INTO file_info VALUES ('108', 'BBBAECF6D22ABCB093C3B2787EFDBEE9', '3C83CB47617AB7BD76FCABC34D1CF23DBF4A4E25', '75177', '雷文顿2800x600.jpg', '.jpg', '2', '/download-center/upload/user/photos/20140319051957746_0.jpg', '0', '2014-03-19 05:19:57', '1', '2014-03-19 17:19:57');
INSERT INTO file_info VALUES ('110', '363CDA20FA1FFACA77CB5EE963279B0E', '5158745D7BDCA2B90D7122EFE7CE694E63395F9D', '6927', '01_avatar_middle.jpg', '.jpg', '2', '/download-center/upload/user/photos/20140319052137459_0.jpg', '0', '2014-03-19 05:21:37', '1', '2014-03-19 17:21:37');
INSERT INTO file_info VALUES ('111', 'D590A6C04325F8948D7CF92882BE99D0', 'DC8954A12E068CDEED1AA8CB5C68CA2F4A518158', '116162', '026005555.JPG', '.JPG', '2', '/download-center/upload/user/photos/20140319052139570_0.JPG', '0', '2014-03-19 05:21:39', '1', '2014-03-19 17:21:39');
INSERT INTO file_info VALUES ('112', '909BA077C3EE0E64D4A45ED3130C0542', 'A2309375BF65207D0C32376402BD13848AC426D2', '18931', 'Basketball.png', '.png', '2', '/download-center/upload/user/photos/20140319054037760_0.png', '0', '2014-03-19 05:40:37', '1', '2014-03-19 17:40:37');
INSERT INTO file_info VALUES ('113', '5E67856269FB4364A99604708D28038C', 'ACC28490A9714478ADEA2259D5DC492C011040AA', '69638', '雷文顿3方形.jpg', '.jpg', '2', '/download-center/upload/user/photos/20140319054109855_0.jpg', '0', '2014-03-19 05:41:09', '1', '2014-03-19 17:41:09');
INSERT INTO file_info VALUES ('114', '041F3435E39CFA5D6CE5D76CDF45DDF6', '448AC560C8CDB255B59BF49882C1E58D9FFDC06C', '44131', 'pix_edg.jpg', '.jpg', '2', '/download-center/upload/user/photos/20140319054205892_0.jpg', '0', '2014-03-19 05:42:05', '1', '2014-03-19 17:42:05');
INSERT INTO file_info VALUES ('115', '0F0E4312886BB0BFB95794B28A144354', '93D42FDB7D3692DA63B3158AEEEEC1DE07D94F3F', '77168', 'ad.gif', '.gif', '2', '/download-center/upload/user/photos/20140319054235571_0.gif', '0', '2014-03-19 05:42:35', '1', '2014-03-19 17:42:35');

-- ----------------------------
-- Table structure for `role_info`
-- ----------------------------
DROP TABLE IF EXISTS `role_info`;
CREATE TABLE `role_info` (
  `role_id` int(10) NOT NULL AUTO_INCREMENT,
  `role_name` varchar(50) COLLATE utf8_unicode_ci DEFAULT '',
  `last_update` timestamp NOT NULL DEFAULT CURRENT_TIMESTAMP ON UPDATE CURRENT_TIMESTAMP,
  `status` int(10) NOT NULL DEFAULT '1',
  PRIMARY KEY (`role_id`)
) ENGINE=InnoDB AUTO_INCREMENT=22 DEFAULT CHARSET=utf8 COLLATE=utf8_unicode_ci;

-- ----------------------------
-- Records of role_info
-- ----------------------------
INSERT INTO role_info VALUES ('1', '管理员', '2014-03-05 14:42:58', '1');
INSERT INTO role_info VALUES ('2', '管理员2', '2014-01-13 16:33:45', '0');
INSERT INTO role_info VALUES ('8', '测试', '2014-01-13 11:36:01', '1');
INSERT INTO role_info VALUES ('9', 'PM1', '2014-03-05 14:42:32', '1');
INSERT INTO role_info VALUES ('13', 'test', '2014-03-05 13:10:16', '1');
INSERT INTO role_info VALUES ('14', '发到', '2014-03-05 13:27:49', '0');
INSERT INTO role_info VALUES ('15', '个地方撒', '2014-03-05 13:27:46', '0');
INSERT INTO role_info VALUES ('16', '范德萨发安定发到啊', '2014-03-05 13:27:43', '0');
INSERT INTO role_info VALUES ('17', 'abc', '2014-03-18 17:40:46', '1');
INSERT INTO role_info VALUES ('18', 'karl', '2014-03-18 18:17:46', '1');
INSERT INTO role_info VALUES ('21', '852', '2014-03-18 18:18:47', '0');

-- ----------------------------
-- Table structure for `ruler_info`
-- ----------------------------
DROP TABLE IF EXISTS `ruler_info`;
CREATE TABLE `ruler_info` (
  `ruler_id` int(10) NOT NULL AUTO_INCREMENT,
  `ruler_name` varchar(100) COLLATE utf8_unicode_ci DEFAULT '',
  `url` varchar(100) COLLATE utf8_unicode_ci DEFAULT '',
  `level` int(10) DEFAULT '1' COMMENT '菜单等级，从1开始',
  `echo` int(10) DEFAULT '1' COMMENT '1,显示;0,不显示',
  `manager` int(10) DEFAULT '0' COMMENT '上级菜单',
  `target` varchar(100) COLLATE utf8_unicode_ci DEFAULT '',
  `sortorder` int(10) DEFAULT '0' COMMENT '菜单排序,数字小的排序靠前',
  `last_update` timestamp NOT NULL DEFAULT CURRENT_TIMESTAMP ON UPDATE CURRENT_TIMESTAMP,
  `status` int(10) NOT NULL DEFAULT '1',
  PRIMARY KEY (`ruler_id`)
) ENGINE=InnoDB AUTO_INCREMENT=50 DEFAULT CHARSET=utf8 COLLATE=utf8_unicode_ci;

-- ----------------------------
-- Records of ruler_info
-- ----------------------------
INSERT INTO ruler_info VALUES ('1', '组织管理', '', '1', '1', '0', '_self', '2', '2014-03-14 11:07:15', '1');
INSERT INTO ruler_info VALUES ('2', '人员管理', '/UserAction?', '2', '1', '1', 'main', '3', '2014-03-14 11:08:14', '1');
INSERT INTO ruler_info VALUES ('3', '角色管理', '/RoleAction?', '2', '1', '1', 'main', '1', '2014-03-14 11:08:24', '1');
INSERT INTO ruler_info VALUES ('4', '部门管理', '/DeptAction?', '2', '1', '1', 'main', '2', '2014-03-14 11:08:20', '1');
INSERT INTO ruler_info VALUES ('5', '系统管理', '', '1', '1', '0', '_self', '1', '2014-03-14 11:07:56', '1');
INSERT INTO ruler_info VALUES ('6', '菜单管理', '/RulerAction?', '2', '1', '5', 'main', '0', '2014-03-13 17:58:49', '1');
INSERT INTO ruler_info VALUES ('15', '文件中心', '', '1', '1', '0', '_self', '3', '2014-03-14 11:07:22', '1');
INSERT INTO ruler_info VALUES ('16', '文件管理', '/FileAction?', '2', '1', '15', 'main', '0', '2014-03-13 17:58:49', '1');
INSERT INTO ruler_info VALUES ('33', '行政管理', '', '1', '0', '0', '_blank', '4', '2014-03-14 10:44:19', '1');
INSERT INTO ruler_info VALUES ('34', '规章制度', '/RegulationsAction', '2', '1', '33', 'main', '0', '2014-03-14 09:54:40', '1');
INSERT INTO ruler_info VALUES ('47', '财务管理', '', '1', '1', '0', '_self', '5', '2014-03-14 10:53:39', '1');
INSERT INTO ruler_info VALUES ('48', '财务制度', 'http://www.baidu.com', '2', '1', '47', '_blank', '0', '2014-03-14 11:09:56', '1');
INSERT INTO ruler_info VALUES ('49', '附件管理', '', '2', '1', '47', 'main', '2', '2014-03-17 13:18:14', '1');

-- ----------------------------
-- Table structure for `ruler_role`
-- ----------------------------
DROP TABLE IF EXISTS `ruler_role`;
CREATE TABLE `ruler_role` (
  `id` int(10) NOT NULL AUTO_INCREMENT,
  `role_id` int(10) DEFAULT NULL,
  `ruler_id` int(10) DEFAULT NULL,
  `ruler_word` varchar(100) CHARACTER SET utf8 COLLATE utf8_bin DEFAULT '',
  `last_update` timestamp NOT NULL DEFAULT CURRENT_TIMESTAMP ON UPDATE CURRENT_TIMESTAMP,
  `status` int(10) DEFAULT '1',
  PRIMARY KEY (`id`)
) ENGINE=InnoDB AUTO_INCREMENT=165 DEFAULT CHARSET=utf8 COLLATE=utf8_unicode_ci;

-- ----------------------------
-- Records of ruler_role
-- ----------------------------
INSERT INTO ruler_role VALUES ('42', '8', '1', 'iuvd', '2014-01-13 11:36:01', '1');
INSERT INTO ruler_role VALUES ('43', '8', '2', 'iuvd', '2014-01-13 11:36:01', '1');
INSERT INTO ruler_role VALUES ('44', '8', '3', 'iuvd', '2014-01-13 11:36:01', '1');
INSERT INTO ruler_role VALUES ('45', '8', '4', 'iuvd', '2014-01-13 11:36:01', '1');
INSERT INTO ruler_role VALUES ('46', '8', '5', 'uvid', '2014-01-13 11:36:01', '1');
INSERT INTO ruler_role VALUES ('47', '8', '6', 'u', '2014-01-13 11:36:01', '1');
INSERT INTO ruler_role VALUES ('131', '9', '1', 'uvid', '2014-03-05 14:42:32', '1');
INSERT INTO ruler_role VALUES ('132', '9', '2', 'iuvd', '2014-03-05 14:42:32', '1');
INSERT INTO ruler_role VALUES ('133', '9', '3', 'iuvd', '2014-03-05 14:42:32', '1');
INSERT INTO ruler_role VALUES ('134', '9', '4', 'iuvd', '2014-03-05 14:42:32', '1');
INSERT INTO ruler_role VALUES ('135', '9', '5', 'uvid', '2014-03-05 14:42:32', '1');
INSERT INTO ruler_role VALUES ('136', '9', '6', 'iuvd', '2014-03-05 14:42:32', '1');
INSERT INTO ruler_role VALUES ('137', '9', '15', 'iuvd', '2014-03-05 14:42:32', '1');
INSERT INTO ruler_role VALUES ('138', '9', '16', 'iuvd', '2014-03-05 14:42:32', '1');
INSERT INTO ruler_role VALUES ('139', '1', '1', 'uvid', '2014-03-05 14:42:58', '1');
INSERT INTO ruler_role VALUES ('140', '1', '2', 'iuvd', '2014-03-05 14:42:58', '1');
INSERT INTO ruler_role VALUES ('141', '1', '3', 'duvi', '2014-03-05 14:42:58', '1');
INSERT INTO ruler_role VALUES ('142', '1', '4', 'iuvd', '2014-03-05 14:42:58', '1');
INSERT INTO ruler_role VALUES ('143', '1', '5', 'uvid', '2014-03-05 14:42:58', '1');
INSERT INTO ruler_role VALUES ('144', '1', '6', 'uvid', '2014-03-05 14:42:58', '1');
INSERT INTO ruler_role VALUES ('145', '1', '15', 'uvid', '2014-03-05 14:42:58', '1');
INSERT INTO ruler_role VALUES ('146', '1', '16', 'iuvd', '2014-03-05 14:42:58', '1');
INSERT INTO ruler_role VALUES ('147', '17', '5', 'uivd', '2014-03-18 17:40:46', '1');
INSERT INTO ruler_role VALUES ('148', '17', '6', 'uivd', '2014-03-18 17:40:46', '1');
INSERT INTO ruler_role VALUES ('155', '21', '1', 'uivd', '2014-03-18 18:14:03', '1');
INSERT INTO ruler_role VALUES ('156', '21', '2', null, '2014-03-18 18:14:03', '1');
INSERT INTO ruler_role VALUES ('157', '21', '3', 'uivd', '2014-03-18 18:14:03', '1');
INSERT INTO ruler_role VALUES ('158', '21', '4', 'uivd', '2014-03-18 18:14:03', '1');
INSERT INTO ruler_role VALUES ('159', '18', '1', 'uvid', '2014-03-18 18:17:46', '1');
INSERT INTO ruler_role VALUES ('160', '18', '2', 'idu', '2014-03-18 18:17:46', '1');
INSERT INTO ruler_role VALUES ('161', '18', '3', 'idv', '2014-03-18 18:17:46', '1');
INSERT INTO ruler_role VALUES ('162', '18', '4', 'iuv', '2014-03-18 18:17:46', '1');
INSERT INTO ruler_role VALUES ('163', '18', '5', 'uivd', '2014-03-18 18:17:46', '1');
INSERT INTO ruler_role VALUES ('164', '18', '6', 'duv', '2014-03-18 18:17:46', '1');

-- ----------------------------
-- Table structure for `user_info`
-- ----------------------------
DROP TABLE IF EXISTS `user_info`;
CREATE TABLE `user_info` (
  `user_id` int(11) NOT NULL AUTO_INCREMENT,
  `user_name` varchar(64) CHARACTER SET utf8 COLLATE utf8_bin NOT NULL DEFAULT '',
  `user_passwd` varchar(128) CHARACTER SET utf8 COLLATE utf8_bin NOT NULL DEFAULT '21232F297A57A5A743894A0E4A801FC3' COMMENT 'admin',
  `user_role` int(11) DEFAULT NULL,
  `user_birth` timestamp NULL DEFAULT NULL,
  `user_photo` varchar(255) DEFAULT '',
  `user_department` int(11) DEFAULT NULL,
  `last_update` timestamp NOT NULL DEFAULT CURRENT_TIMESTAMP ON UPDATE CURRENT_TIMESTAMP,
  `status` int(11) DEFAULT '1',
  PRIMARY KEY (`user_id`)
) ENGINE=InnoDB AUTO_INCREMENT=8 DEFAULT CHARSET=utf8;

-- ----------------------------
-- Records of user_info
-- ----------------------------
INSERT INTO user_info VALUES ('1', 'admin', '21232F297A57A5A743894A0E4A801FC3', '1', '2009-07-20 00:00:00', '/download-center/upload/user/photos/20140319054235571_0.gif', '84', '2014-03-19 17:44:01', '1');
INSERT INTO user_info VALUES ('2', 'karl李建', '46529B040A31EAB2245464B7C9950B5C', '1', '1990-07-30 00:00:00', '/download-center/upload/user/photos/20140319054109855_0.jpg', '44', '2014-03-19 17:41:11', '1');
INSERT INTO user_info VALUES ('3', 'karl.li', '46529B040A31EAB2245464B7C9950B5C', '1', '2013-12-30 00:00:00', '/download-center/upload/user/photos/20140319054205892_0.jpg', '50', '2014-03-19 17:42:08', '1');
INSERT INTO user_info VALUES ('5', '李建12', '46529B040A31EAB2245464B7C9950B5C', '0', null, '/download-center/upload/user/photos/20140319051957746_0.jpg', '0', '2014-03-19 17:42:02', '0');
INSERT INTO user_info VALUES ('6', '李建', '46529B040A31EAB2245464B7C9950B5C', '1', '1990-07-30 00:00:00', '/download-center/upload/user/photos/20140319054037760_0.png', '84', '2014-03-19 17:41:40', '1');
INSERT INTO user_info VALUES ('7', 'test', 'E10ADC3949BA59ABBE56E057F20F883E', '0', null, '/download-center/upload/user/photos/20140319054037760_0.png', '0', '2014-03-19 17:41:59', '0');

-- ----------------------------
-- Table structure for `user_login`
-- ----------------------------
DROP TABLE IF EXISTS `user_login`;
CREATE TABLE `user_login` (
  `id` int(10) NOT NULL AUTO_INCREMENT,
  `login_id` int(10) NOT NULL,
  `login_ip` varchar(150) COLLATE utf8_unicode_ci DEFAULT '',
  `login_time` timestamp NOT NULL DEFAULT CURRENT_TIMESTAMP ON UPDATE CURRENT_TIMESTAMP,
  PRIMARY KEY (`id`)
) ENGINE=InnoDB AUTO_INCREMENT=1526 DEFAULT CHARSET=utf8 COLLATE=utf8_unicode_ci;

-- ----------------------------
-- Records of user_login
-- ----------------------------
INSERT INTO user_login VALUES ('2', '1', '127.0.0.1', '2014-01-08 14:44:57');
INSERT INTO user_login VALUES ('3', '1', '127.0.0.1', '2014-01-08 14:44:55');
INSERT INTO user_login VALUES ('4', '1', '127.0.0.1', '2014-01-08 14:44:54');
INSERT INTO user_login VALUES ('5', '1', '127.0.0.1', '2014-01-08 14:14:44');
INSERT INTO user_login VALUES ('6', '1', '10.168.1.22', '2014-01-08 14:16:14');
INSERT INTO user_login VALUES ('7', '1', '10.168.1.19', '2014-01-08 14:42:42');
INSERT INTO user_login VALUES ('8', '1', '10.168.1.188', '2014-01-08 14:45:30');
INSERT INTO user_login VALUES ('9', '1', '10.168.1.188', '2014-01-08 14:45:53');
INSERT INTO user_login VALUES ('10', '1', '10.168.1.188', '2014-01-08 15:31:37');
INSERT INTO user_login VALUES ('11', '1', '10.168.1.188', '2014-01-08 15:38:16');
INSERT INTO user_login VALUES ('12', '1', '10.168.1.188', '2014-01-08 16:27:36');
INSERT INTO user_login VALUES ('13', '1', '10.168.1.188', '2014-01-08 16:28:49');
INSERT INTO user_login VALUES ('14', '1', '10.168.1.188', '2014-01-08 16:30:19');
INSERT INTO user_login VALUES ('15', '1', '10.168.1.188', '2014-01-08 16:33:24');
INSERT INTO user_login VALUES ('16', '1', '10.168.1.188', '2014-01-08 16:35:08');
INSERT INTO user_login VALUES ('17', '1', '10.168.1.188', '2014-01-08 16:36:44');
INSERT INTO user_login VALUES ('18', '1', '0:0:0:0:0:0:0:1', '2014-01-08 16:40:42');
INSERT INTO user_login VALUES ('19', '1', '10.168.1.188', '2014-01-08 16:54:20');
INSERT INTO user_login VALUES ('20', '1', '10.168.1.188', '2014-01-08 16:59:05');
INSERT INTO user_login VALUES ('21', '1', '10.168.1.188', '2014-01-08 17:00:04');
INSERT INTO user_login VALUES ('22', '1', '10.168.1.188', '2014-01-08 17:01:45');
INSERT INTO user_login VALUES ('23', '1', '10.168.1.188', '2014-01-08 17:19:37');
INSERT INTO user_login VALUES ('24', '1', '10.168.1.188', '2014-01-08 17:21:44');
INSERT INTO user_login VALUES ('25', '1', '10.168.1.188', '2014-01-08 17:21:56');
INSERT INTO user_login VALUES ('26', '1', '10.168.1.188', '2014-01-08 17:25:19');
INSERT INTO user_login VALUES ('27', '1', '10.168.1.188', '2014-01-08 17:29:47');
INSERT INTO user_login VALUES ('28', '1', '10.168.1.188', '2014-01-08 17:31:38');
INSERT INTO user_login VALUES ('29', '1', '10.168.1.188', '2014-01-08 17:32:06');
INSERT INTO user_login VALUES ('30', '1', '10.168.1.188', '2014-01-08 17:33:49');
INSERT INTO user_login VALUES ('31', '1', '10.168.1.188', '2014-01-08 17:36:27');
INSERT INTO user_login VALUES ('32', '1', '10.168.1.188', '2014-01-08 17:37:03');
INSERT INTO user_login VALUES ('33', '1', '10.168.1.188', '2014-01-08 17:38:11');
INSERT INTO user_login VALUES ('34', '1', '10.168.1.188', '2014-01-08 17:40:25');
INSERT INTO user_login VALUES ('35', '1', '0:0:0:0:0:0:0:1', '2014-01-08 17:45:03');
INSERT INTO user_login VALUES ('36', '1', '0:0:0:0:0:0:0:1', '2014-01-08 17:58:10');
INSERT INTO user_login VALUES ('37', '1', '0:0:0:0:0:0:0:1', '2014-01-08 17:59:22');
INSERT INTO user_login VALUES ('38', '1', '0:0:0:0:0:0:0:1', '2014-01-08 17:59:49');
INSERT INTO user_login VALUES ('39', '1', '0:0:0:0:0:0:0:1', '2014-01-08 18:00:44');
INSERT INTO user_login VALUES ('40', '1', '0:0:0:0:0:0:0:1', '2014-01-09 09:42:47');
INSERT INTO user_login VALUES ('41', '1', '0:0:0:0:0:0:0:1', '2014-01-09 09:45:18');
INSERT INTO user_login VALUES ('42', '1', '0:0:0:0:0:0:0:1', '2014-01-09 09:45:32');
INSERT INTO user_login VALUES ('43', '1', '0:0:0:0:0:0:0:1', '2014-01-09 09:45:44');
INSERT INTO user_login VALUES ('44', '1', '0:0:0:0:0:0:0:1', '2014-01-09 09:50:41');
INSERT INTO user_login VALUES ('45', '1', '0:0:0:0:0:0:0:1', '2014-01-09 09:54:00');
INSERT INTO user_login VALUES ('46', '1', '0:0:0:0:0:0:0:1', '2014-01-09 10:13:14');
INSERT INTO user_login VALUES ('47', '1', '127.0.0.1', '2014-01-09 10:13:55');
INSERT INTO user_login VALUES ('48', '1', '127.0.0.1', '2014-01-09 10:17:22');
INSERT INTO user_login VALUES ('49', '1', '127.0.0.1', '2014-01-09 10:20:30');
INSERT INTO user_login VALUES ('50', '1', '127.0.0.1', '2014-01-09 10:22:22');
INSERT INTO user_login VALUES ('51', '1', '127.0.0.1', '2014-01-09 10:26:02');
INSERT INTO user_login VALUES ('52', '1', '127.0.0.1', '2014-01-09 10:59:47');
INSERT INTO user_login VALUES ('53', '1', '127.0.0.1', '2014-01-09 11:06:23');
INSERT INTO user_login VALUES ('54', '1', '0:0:0:0:0:0:0:1', '2014-01-09 11:13:52');
INSERT INTO user_login VALUES ('55', '1', '0:0:0:0:0:0:0:1', '2014-01-09 11:17:01');
INSERT INTO user_login VALUES ('56', '1', '0:0:0:0:0:0:0:1', '2014-01-09 11:17:53');
INSERT INTO user_login VALUES ('57', '1', '127.0.0.1', '2014-01-09 11:20:38');
INSERT INTO user_login VALUES ('58', '1', '0:0:0:0:0:0:0:1', '2014-01-09 11:22:16');
INSERT INTO user_login VALUES ('59', '1', '0:0:0:0:0:0:0:1', '2014-01-09 11:30:45');
INSERT INTO user_login VALUES ('60', '1', '0:0:0:0:0:0:0:1', '2014-01-09 11:33:38');
INSERT INTO user_login VALUES ('61', '1', '127.0.0.1', '2014-01-09 11:33:42');
INSERT INTO user_login VALUES ('62', '1', '0:0:0:0:0:0:0:1', '2014-01-09 11:37:11');
INSERT INTO user_login VALUES ('63', '1', '0:0:0:0:0:0:0:1', '2014-01-09 11:38:20');
INSERT INTO user_login VALUES ('64', '1', '0:0:0:0:0:0:0:1', '2014-01-09 11:39:24');
INSERT INTO user_login VALUES ('65', '1', '0:0:0:0:0:0:0:1', '2014-01-09 11:40:32');
INSERT INTO user_login VALUES ('66', '1', '0:0:0:0:0:0:0:1', '2014-01-09 11:42:46');
INSERT INTO user_login VALUES ('67', '1', '0:0:0:0:0:0:0:1', '2014-01-09 11:52:35');
INSERT INTO user_login VALUES ('68', '1', '0:0:0:0:0:0:0:1', '2014-01-09 11:54:32');
INSERT INTO user_login VALUES ('69', '1', '127.0.0.1', '2014-01-09 12:02:42');
INSERT INTO user_login VALUES ('70', '1', '127.0.0.1', '2014-01-09 12:06:30');
INSERT INTO user_login VALUES ('71', '1', '127.0.0.1', '2014-01-09 12:07:23');
INSERT INTO user_login VALUES ('72', '1', '0:0:0:0:0:0:0:1', '2014-01-09 12:32:04');
INSERT INTO user_login VALUES ('73', '1', '0:0:0:0:0:0:0:1', '2014-01-09 12:40:37');
INSERT INTO user_login VALUES ('74', '1', '0:0:0:0:0:0:0:1', '2014-01-09 12:40:53');
INSERT INTO user_login VALUES ('75', '1', '127.0.0.1', '2014-01-09 12:55:56');
INSERT INTO user_login VALUES ('76', '1', '127.0.0.1', '2014-01-09 13:01:02');
INSERT INTO user_login VALUES ('77', '1', '127.0.0.1', '2014-01-09 13:01:34');
INSERT INTO user_login VALUES ('78', '1', '0:0:0:0:0:0:0:1', '2014-01-09 13:06:10');
INSERT INTO user_login VALUES ('79', '1', '127.0.0.1', '2014-01-09 13:06:58');
INSERT INTO user_login VALUES ('80', '1', '0:0:0:0:0:0:0:1', '2014-01-09 13:07:54');
INSERT INTO user_login VALUES ('81', '1', '127.0.0.1', '2014-01-09 13:07:49');
INSERT INTO user_login VALUES ('82', '1', '0:0:0:0:0:0:0:1', '2014-01-09 13:08:15');
INSERT INTO user_login VALUES ('83', '1', '0:0:0:0:0:0:0:1', '2014-01-09 13:10:09');
INSERT INTO user_login VALUES ('84', '1', '0:0:0:0:0:0:0:1', '2014-01-09 13:10:39');
INSERT INTO user_login VALUES ('85', '1', '127.0.0.1', '2014-01-09 13:11:43');
INSERT INTO user_login VALUES ('86', '1', '0:0:0:0:0:0:0:1', '2014-01-09 13:16:14');
INSERT INTO user_login VALUES ('87', '1', '0:0:0:0:0:0:0:1', '2014-01-09 13:27:01');
INSERT INTO user_login VALUES ('88', '1', '0:0:0:0:0:0:0:1', '2014-01-09 13:31:08');
INSERT INTO user_login VALUES ('89', '1', '0:0:0:0:0:0:0:1', '2014-01-09 13:50:03');
INSERT INTO user_login VALUES ('90', '1', '0:0:0:0:0:0:0:1', '2014-01-09 13:51:16');
INSERT INTO user_login VALUES ('91', '1', '127.0.0.1', '2014-01-09 13:53:36');
INSERT INTO user_login VALUES ('92', '1', '127.0.0.1', '2014-01-09 14:15:18');
INSERT INTO user_login VALUES ('93', '1', '127.0.0.1', '2014-01-09 14:23:00');
INSERT INTO user_login VALUES ('94', '1', '0:0:0:0:0:0:0:1', '2014-01-09 14:24:07');
INSERT INTO user_login VALUES ('95', '1', '0:0:0:0:0:0:0:1', '2014-01-09 14:24:44');
INSERT INTO user_login VALUES ('96', '1', '0:0:0:0:0:0:0:1', '2014-01-09 14:25:02');
INSERT INTO user_login VALUES ('97', '1', '0:0:0:0:0:0:0:1', '2014-01-09 14:25:10');
INSERT INTO user_login VALUES ('98', '1', '127.0.0.1', '2014-01-09 14:26:17');
INSERT INTO user_login VALUES ('99', '1', '10.168.1.66', '2014-01-09 14:28:09');
INSERT INTO user_login VALUES ('100', '1', '10.168.1.66', '2014-01-09 14:30:45');
INSERT INTO user_login VALUES ('101', '1', '127.0.0.1', '2014-01-09 14:34:29');
INSERT INTO user_login VALUES ('102', '1', '127.0.0.1', '2014-01-09 15:10:31');
INSERT INTO user_login VALUES ('103', '1', '127.0.0.1', '2014-01-09 15:16:15');
INSERT INTO user_login VALUES ('104', '1', '127.0.0.1', '2014-01-09 15:17:58');
INSERT INTO user_login VALUES ('105', '1', '127.0.0.1', '2014-01-09 15:28:57');
INSERT INTO user_login VALUES ('106', '1', '0:0:0:0:0:0:0:1', '2014-01-09 15:41:57');
INSERT INTO user_login VALUES ('107', '1', '0:0:0:0:0:0:0:1', '2014-01-09 15:44:36');
INSERT INTO user_login VALUES ('108', '1', '0:0:0:0:0:0:0:1', '2014-01-09 16:05:53');
INSERT INTO user_login VALUES ('109', '1', '0:0:0:0:0:0:0:1', '2014-01-09 16:06:24');
INSERT INTO user_login VALUES ('110', '1', '0:0:0:0:0:0:0:1', '2014-01-09 16:06:37');
INSERT INTO user_login VALUES ('111', '1', '0:0:0:0:0:0:0:1', '2014-01-09 16:07:31');
INSERT INTO user_login VALUES ('112', '1', '0:0:0:0:0:0:0:1', '2014-01-09 16:07:45');
INSERT INTO user_login VALUES ('113', '1', '0:0:0:0:0:0:0:1', '2014-01-09 16:08:43');
INSERT INTO user_login VALUES ('114', '1', '0:0:0:0:0:0:0:1', '2014-01-09 16:09:22');
INSERT INTO user_login VALUES ('115', '1', '0:0:0:0:0:0:0:1', '2014-01-09 16:09:59');
INSERT INTO user_login VALUES ('116', '1', '0:0:0:0:0:0:0:1', '2014-01-09 16:10:11');
INSERT INTO user_login VALUES ('117', '1', '0:0:0:0:0:0:0:1', '2014-01-09 16:10:47');
INSERT INTO user_login VALUES ('118', '1', '127.0.0.1', '2014-01-09 16:11:11');
INSERT INTO user_login VALUES ('119', '1', '0:0:0:0:0:0:0:1', '2014-01-09 16:12:15');
INSERT INTO user_login VALUES ('120', '1', '0:0:0:0:0:0:0:1', '2014-01-09 16:13:20');
INSERT INTO user_login VALUES ('121', '1', '0:0:0:0:0:0:0:1', '2014-01-09 16:13:57');
INSERT INTO user_login VALUES ('122', '1', '0:0:0:0:0:0:0:1', '2014-01-09 16:14:45');
INSERT INTO user_login VALUES ('123', '1', '0:0:0:0:0:0:0:1', '2014-01-09 16:14:49');
INSERT INTO user_login VALUES ('124', '1', '0:0:0:0:0:0:0:1', '2014-01-09 16:15:38');
INSERT INTO user_login VALUES ('125', '1', '0:0:0:0:0:0:0:1', '2014-01-09 16:16:08');
INSERT INTO user_login VALUES ('126', '1', '127.0.0.1', '2014-01-09 16:16:15');
INSERT INTO user_login VALUES ('127', '1', '0:0:0:0:0:0:0:1', '2014-01-09 16:17:43');
INSERT INTO user_login VALUES ('128', '1', '0:0:0:0:0:0:0:1', '2014-01-09 16:18:12');
INSERT INTO user_login VALUES ('129', '1', '0:0:0:0:0:0:0:1', '2014-01-09 16:18:40');
INSERT INTO user_login VALUES ('130', '1', '0:0:0:0:0:0:0:1', '2014-01-09 16:20:48');
INSERT INTO user_login VALUES ('131', '1', '0:0:0:0:0:0:0:1', '2014-01-09 16:21:25');
INSERT INTO user_login VALUES ('132', '1', '0:0:0:0:0:0:0:1', '2014-01-09 16:21:56');
INSERT INTO user_login VALUES ('133', '1', '0:0:0:0:0:0:0:1', '2014-01-09 16:22:43');
INSERT INTO user_login VALUES ('134', '1', '0:0:0:0:0:0:0:1', '2014-01-09 16:25:26');
INSERT INTO user_login VALUES ('135', '1', '0:0:0:0:0:0:0:1', '2014-01-09 16:26:29');
INSERT INTO user_login VALUES ('136', '1', '0:0:0:0:0:0:0:1', '2014-01-09 16:29:05');
INSERT INTO user_login VALUES ('137', '1', '127.0.0.1', '2014-01-09 16:29:38');
INSERT INTO user_login VALUES ('138', '1', '0:0:0:0:0:0:0:1', '2014-01-09 16:31:11');
INSERT INTO user_login VALUES ('139', '1', '0:0:0:0:0:0:0:1', '2014-01-09 16:32:47');
INSERT INTO user_login VALUES ('140', '1', '0:0:0:0:0:0:0:1', '2014-01-09 16:32:57');
INSERT INTO user_login VALUES ('141', '1', '0:0:0:0:0:0:0:1', '2014-01-09 16:33:42');
INSERT INTO user_login VALUES ('142', '1', '0:0:0:0:0:0:0:1', '2014-01-09 16:36:51');
INSERT INTO user_login VALUES ('143', '1', '0:0:0:0:0:0:0:1', '2014-01-09 16:37:14');
INSERT INTO user_login VALUES ('144', '1', '0:0:0:0:0:0:0:1', '2014-01-09 16:38:23');
INSERT INTO user_login VALUES ('145', '1', '0:0:0:0:0:0:0:1', '2014-01-09 16:40:10');
INSERT INTO user_login VALUES ('146', '1', '0:0:0:0:0:0:0:1', '2014-01-09 16:40:38');
INSERT INTO user_login VALUES ('147', '1', '0:0:0:0:0:0:0:1', '2014-01-09 16:41:02');
INSERT INTO user_login VALUES ('148', '1', '0:0:0:0:0:0:0:1', '2014-01-09 16:41:54');
INSERT INTO user_login VALUES ('149', '1', '0:0:0:0:0:0:0:1', '2014-01-09 16:45:01');
INSERT INTO user_login VALUES ('150', '1', '0:0:0:0:0:0:0:1', '2014-01-09 16:50:40');
INSERT INTO user_login VALUES ('151', '1', '0:0:0:0:0:0:0:1', '2014-01-09 16:50:46');
INSERT INTO user_login VALUES ('152', '1', '0:0:0:0:0:0:0:1', '2014-01-09 16:51:56');
INSERT INTO user_login VALUES ('153', '1', '0:0:0:0:0:0:0:1', '2014-01-09 16:54:08');
INSERT INTO user_login VALUES ('154', '1', '0:0:0:0:0:0:0:1', '2014-01-09 16:54:44');
INSERT INTO user_login VALUES ('155', '1', '0:0:0:0:0:0:0:1', '2014-01-09 16:55:27');
INSERT INTO user_login VALUES ('156', '1', '0:0:0:0:0:0:0:1', '2014-01-09 16:56:00');
INSERT INTO user_login VALUES ('157', '1', '0:0:0:0:0:0:0:1', '2014-01-09 16:58:28');
INSERT INTO user_login VALUES ('158', '1', '0:0:0:0:0:0:0:1', '2014-01-09 16:58:56');
INSERT INTO user_login VALUES ('159', '1', '0:0:0:0:0:0:0:1', '2014-01-09 16:59:01');
INSERT INTO user_login VALUES ('160', '1', '0:0:0:0:0:0:0:1', '2014-01-09 16:59:44');
INSERT INTO user_login VALUES ('161', '1', '0:0:0:0:0:0:0:1', '2014-01-09 17:00:16');
INSERT INTO user_login VALUES ('162', '1', '0:0:0:0:0:0:0:1', '2014-01-09 17:00:41');
INSERT INTO user_login VALUES ('163', '1', '0:0:0:0:0:0:0:1', '2014-01-09 17:01:14');
INSERT INTO user_login VALUES ('164', '1', '0:0:0:0:0:0:0:1', '2014-01-09 17:01:17');
INSERT INTO user_login VALUES ('165', '1', '127.0.0.1', '2014-01-09 17:08:04');
INSERT INTO user_login VALUES ('166', '1', '0:0:0:0:0:0:0:1', '2014-01-09 17:34:34');
INSERT INTO user_login VALUES ('167', '1', '0:0:0:0:0:0:0:1', '2014-01-09 17:49:21');
INSERT INTO user_login VALUES ('168', '1', '0:0:0:0:0:0:0:1', '2014-01-09 17:49:37');
INSERT INTO user_login VALUES ('169', '1', '127.0.0.1', '2014-01-09 18:25:19');
INSERT INTO user_login VALUES ('170', '1', '0:0:0:0:0:0:0:1', '2014-01-10 08:56:41');
INSERT INTO user_login VALUES ('171', '1', '0:0:0:0:0:0:0:1', '2014-01-10 08:56:41');
INSERT INTO user_login VALUES ('172', '1', '127.0.0.1', '2014-01-10 09:11:53');
INSERT INTO user_login VALUES ('173', '1', '127.0.0.1', '2014-01-10 09:27:56');
INSERT INTO user_login VALUES ('174', '1', '127.0.0.1', '2014-01-10 09:39:48');
INSERT INTO user_login VALUES ('175', '1', '127.0.0.1', '2014-01-10 09:41:41');
INSERT INTO user_login VALUES ('176', '1', '127.0.0.1', '2014-01-10 09:42:08');
INSERT INTO user_login VALUES ('177', '1', '127.0.0.1', '2014-01-10 09:42:48');
INSERT INTO user_login VALUES ('178', '1', '127.0.0.1', '2014-01-10 09:49:10');
INSERT INTO user_login VALUES ('179', '1', '127.0.0.1', '2014-01-10 09:50:00');
INSERT INTO user_login VALUES ('180', '1', '127.0.0.1', '2014-01-10 09:51:22');
INSERT INTO user_login VALUES ('181', '1', '127.0.0.1', '2014-01-10 09:53:37');
INSERT INTO user_login VALUES ('182', '1', '127.0.0.1', '2014-01-10 09:54:09');
INSERT INTO user_login VALUES ('183', '1', '0:0:0:0:0:0:0:1', '2014-01-10 10:09:53');
INSERT INTO user_login VALUES ('184', '1', '0:0:0:0:0:0:0:1', '2014-01-10 10:10:30');
INSERT INTO user_login VALUES ('185', '1', '0:0:0:0:0:0:0:1', '2014-01-10 10:11:12');
INSERT INTO user_login VALUES ('186', '1', '0:0:0:0:0:0:0:1', '2014-01-10 10:14:39');
INSERT INTO user_login VALUES ('187', '1', '0:0:0:0:0:0:0:1', '2014-01-10 10:19:37');
INSERT INTO user_login VALUES ('188', '1', '0:0:0:0:0:0:0:1', '2014-01-10 10:29:34');
INSERT INTO user_login VALUES ('189', '1', '127.0.0.1', '2014-01-10 14:46:39');
INSERT INTO user_login VALUES ('190', '1', '0:0:0:0:0:0:0:1', '2014-01-10 15:20:41');
INSERT INTO user_login VALUES ('191', '1', '0:0:0:0:0:0:0:1', '2014-01-10 15:21:40');
INSERT INTO user_login VALUES ('192', '1', '0:0:0:0:0:0:0:1', '2014-01-10 15:56:10');
INSERT INTO user_login VALUES ('193', '1', '127.0.0.1', '2014-01-10 15:59:16');
INSERT INTO user_login VALUES ('194', '1', '127.0.0.1', '2014-01-10 16:03:22');
INSERT INTO user_login VALUES ('195', '1', '127.0.0.1', '2014-01-10 16:03:46');
INSERT INTO user_login VALUES ('196', '1', '0:0:0:0:0:0:0:1', '2014-01-10 16:05:40');
INSERT INTO user_login VALUES ('197', '1', '0:0:0:0:0:0:0:1', '2014-01-10 16:06:13');
INSERT INTO user_login VALUES ('198', '1', '0:0:0:0:0:0:0:1', '2014-01-10 16:06:59');
INSERT INTO user_login VALUES ('199', '1', '0:0:0:0:0:0:0:1', '2014-01-10 16:08:02');
INSERT INTO user_login VALUES ('200', '1', '0:0:0:0:0:0:0:1', '2014-01-10 16:08:11');
INSERT INTO user_login VALUES ('201', '1', '0:0:0:0:0:0:0:1', '2014-01-10 16:12:14');
INSERT INTO user_login VALUES ('202', '1', '0:0:0:0:0:0:0:1', '2014-01-10 16:15:04');
INSERT INTO user_login VALUES ('203', '1', '127.0.0.1', '2014-01-10 16:17:29');
INSERT INTO user_login VALUES ('204', '1', '127.0.0.1', '2014-01-10 16:17:50');
INSERT INTO user_login VALUES ('205', '1', '0:0:0:0:0:0:0:1', '2014-01-10 16:26:34');
INSERT INTO user_login VALUES ('206', '1', '0:0:0:0:0:0:0:1', '2014-01-10 16:28:45');
INSERT INTO user_login VALUES ('207', '1', '0:0:0:0:0:0:0:1', '2014-01-10 16:32:53');
INSERT INTO user_login VALUES ('208', '1', '0:0:0:0:0:0:0:1', '2014-01-10 16:37:01');
INSERT INTO user_login VALUES ('209', '1', '0:0:0:0:0:0:0:1', '2014-01-10 16:38:47');
INSERT INTO user_login VALUES ('210', '1', '0:0:0:0:0:0:0:1', '2014-01-10 16:41:10');
INSERT INTO user_login VALUES ('211', '1', '0:0:0:0:0:0:0:1', '2014-01-10 16:42:56');
INSERT INTO user_login VALUES ('212', '1', '0:0:0:0:0:0:0:1', '2014-01-10 16:43:11');
INSERT INTO user_login VALUES ('213', '1', '0:0:0:0:0:0:0:1', '2014-01-10 16:43:15');
INSERT INTO user_login VALUES ('214', '1', '0:0:0:0:0:0:0:1', '2014-01-10 16:44:03');
INSERT INTO user_login VALUES ('215', '1', '0:0:0:0:0:0:0:1', '2014-01-10 16:46:14');
INSERT INTO user_login VALUES ('216', '1', '0:0:0:0:0:0:0:1', '2014-01-10 16:46:55');
INSERT INTO user_login VALUES ('217', '1', '0:0:0:0:0:0:0:1', '2014-01-10 16:49:55');
INSERT INTO user_login VALUES ('218', '1', '0:0:0:0:0:0:0:1', '2014-01-10 16:58:44');
INSERT INTO user_login VALUES ('219', '1', '0:0:0:0:0:0:0:1', '2014-01-10 16:59:30');
INSERT INTO user_login VALUES ('220', '1', '0:0:0:0:0:0:0:1', '2014-01-10 17:01:15');
INSERT INTO user_login VALUES ('221', '1', '0:0:0:0:0:0:0:1', '2014-01-10 17:02:44');
INSERT INTO user_login VALUES ('222', '1', '0:0:0:0:0:0:0:1', '2014-01-10 17:04:13');
INSERT INTO user_login VALUES ('223', '1', '0:0:0:0:0:0:0:1', '2014-01-10 17:05:52');
INSERT INTO user_login VALUES ('224', '1', '0:0:0:0:0:0:0:1', '2014-01-10 17:06:33');
INSERT INTO user_login VALUES ('225', '1', '0:0:0:0:0:0:0:1', '2014-01-10 17:36:20');
INSERT INTO user_login VALUES ('226', '1', '0:0:0:0:0:0:0:1', '2014-01-10 18:04:45');
INSERT INTO user_login VALUES ('227', '1', '0:0:0:0:0:0:0:1', '2014-01-10 18:06:04');
INSERT INTO user_login VALUES ('228', '1', '0:0:0:0:0:0:0:1', '2014-01-10 18:10:36');
INSERT INTO user_login VALUES ('229', '1', '0:0:0:0:0:0:0:1', '2014-01-10 18:12:17');
INSERT INTO user_login VALUES ('230', '1', '0:0:0:0:0:0:0:1', '2014-01-10 18:13:21');
INSERT INTO user_login VALUES ('231', '1', '0:0:0:0:0:0:0:1', '2014-01-10 18:17:32');
INSERT INTO user_login VALUES ('232', '1', '10.168.1.188', '2014-01-13 09:13:18');
INSERT INTO user_login VALUES ('233', '1', '127.0.0.1', '2014-01-13 09:52:26');
INSERT INTO user_login VALUES ('234', '1', '10.168.1.188', '2014-01-13 10:11:13');
INSERT INTO user_login VALUES ('235', '1', '10.168.1.188', '2014-01-13 10:11:37');
INSERT INTO user_login VALUES ('236', '1', '10.168.1.188', '2014-01-13 11:00:46');
INSERT INTO user_login VALUES ('237', '1', '10.168.1.188', '2014-01-13 11:06:58');
INSERT INTO user_login VALUES ('238', '1', '127.0.0.1', '2014-01-13 11:12:07');
INSERT INTO user_login VALUES ('239', '1', '10.168.1.188', '2014-01-13 11:13:04');
INSERT INTO user_login VALUES ('240', '1', '127.0.0.1', '2014-01-13 11:13:19');
INSERT INTO user_login VALUES ('241', '1', '10.168.1.188', '2014-01-13 11:21:15');
INSERT INTO user_login VALUES ('242', '1', '10.168.1.188', '2014-01-13 11:23:04');
INSERT INTO user_login VALUES ('243', '1', '10.168.1.188', '2014-01-13 11:25:59');
INSERT INTO user_login VALUES ('244', '1', '10.168.1.188', '2014-01-13 11:27:52');
INSERT INTO user_login VALUES ('245', '1', '10.168.1.188', '2014-01-13 11:29:12');
INSERT INTO user_login VALUES ('246', '1', '10.168.1.188', '2014-01-13 11:35:31');
INSERT INTO user_login VALUES ('247', '1', '127.0.0.1', '2014-01-13 13:58:58');
INSERT INTO user_login VALUES ('248', '1', '127.0.0.1', '2014-01-13 14:03:50');
INSERT INTO user_login VALUES ('249', '1', '127.0.0.1', '2014-01-13 14:08:36');
INSERT INTO user_login VALUES ('250', '1', '127.0.0.1', '2014-01-13 14:13:35');
INSERT INTO user_login VALUES ('251', '1', '127.0.0.1', '2014-01-13 14:26:50');
INSERT INTO user_login VALUES ('252', '1', '127.0.0.1', '2014-01-13 14:27:25');
INSERT INTO user_login VALUES ('253', '1', '127.0.0.1', '2014-01-13 14:29:58');
INSERT INTO user_login VALUES ('254', '1', '10.168.1.188', '2014-01-13 14:33:08');
INSERT INTO user_login VALUES ('255', '1', '127.0.0.1', '2014-01-13 14:53:33');
INSERT INTO user_login VALUES ('256', '1', '127.0.0.1', '2014-01-13 15:37:53');
INSERT INTO user_login VALUES ('257', '1', '127.0.0.1', '2014-01-13 15:44:41');
INSERT INTO user_login VALUES ('258', '1', '127.0.0.1', '2014-01-13 15:47:30');
INSERT INTO user_login VALUES ('259', '1', '127.0.0.1', '2014-01-13 15:51:31');
INSERT INTO user_login VALUES ('260', '1', '127.0.0.1', '2014-01-13 15:56:02');
INSERT INTO user_login VALUES ('261', '1', '127.0.0.1', '2014-01-13 16:00:22');
INSERT INTO user_login VALUES ('262', '1', '127.0.0.1', '2014-01-13 16:01:58');
INSERT INTO user_login VALUES ('263', '1', '127.0.0.1', '2014-01-13 16:02:35');
INSERT INTO user_login VALUES ('264', '1', '127.0.0.1', '2014-01-13 16:05:00');
INSERT INTO user_login VALUES ('265', '1', '127.0.0.1', '2014-01-13 16:05:40');
INSERT INTO user_login VALUES ('266', '1', '127.0.0.1', '2014-01-13 16:13:18');
INSERT INTO user_login VALUES ('267', '1', '127.0.0.1', '2014-01-13 16:15:42');
INSERT INTO user_login VALUES ('268', '1', '127.0.0.1', '2014-01-13 16:16:28');
INSERT INTO user_login VALUES ('269', '1', '127.0.0.1', '2014-01-13 16:17:06');
INSERT INTO user_login VALUES ('270', '1', '127.0.0.1', '2014-01-13 16:21:01');
INSERT INTO user_login VALUES ('271', '1', '127.0.0.1', '2014-01-13 16:26:24');
INSERT INTO user_login VALUES ('272', '1', '127.0.0.1', '2014-01-13 16:28:05');
INSERT INTO user_login VALUES ('273', '1', '127.0.0.1', '2014-01-13 16:39:44');
INSERT INTO user_login VALUES ('274', '1', '127.0.0.1', '2014-01-13 16:41:02');
INSERT INTO user_login VALUES ('275', '1', '127.0.0.1', '2014-01-13 16:42:00');
INSERT INTO user_login VALUES ('276', '1', '127.0.0.1', '2014-01-13 16:42:56');
INSERT INTO user_login VALUES ('277', '1', '127.0.0.1', '2014-01-13 17:33:10');
INSERT INTO user_login VALUES ('278', '1', '127.0.0.1', '2014-01-13 17:34:39');
INSERT INTO user_login VALUES ('279', '1', '127.0.0.1', '2014-01-13 17:37:21');
INSERT INTO user_login VALUES ('280', '1', '127.0.0.1', '2014-01-13 18:09:22');
INSERT INTO user_login VALUES ('281', '1', '127.0.0.1', '2014-01-13 18:09:37');
INSERT INTO user_login VALUES ('282', '1', '127.0.0.1', '2014-01-13 18:10:29');
INSERT INTO user_login VALUES ('283', '1', '10.168.1.188', '2014-01-13 19:39:01');
INSERT INTO user_login VALUES ('284', '1', '127.0.0.1', '2014-01-14 09:17:38');
INSERT INTO user_login VALUES ('285', '1', '10.168.1.188', '2014-01-14 09:19:04');
INSERT INTO user_login VALUES ('286', '1', '127.0.0.1', '2014-01-14 09:19:50');
INSERT INTO user_login VALUES ('287', '1', '127.0.0.1', '2014-01-14 09:22:58');
INSERT INTO user_login VALUES ('288', '1', '127.0.0.1', '2014-01-14 09:25:42');
INSERT INTO user_login VALUES ('289', '1', '127.0.0.1', '2014-01-14 09:30:34');
INSERT INTO user_login VALUES ('290', '1', '127.0.0.1', '2014-01-14 09:31:27');
INSERT INTO user_login VALUES ('291', '1', '127.0.0.1', '2014-01-14 09:31:43');
INSERT INTO user_login VALUES ('292', '1', '127.0.0.1', '2014-01-14 09:32:21');
INSERT INTO user_login VALUES ('293', '1', '127.0.0.1', '2014-01-14 09:33:20');
INSERT INTO user_login VALUES ('294', '1', '127.0.0.1', '2014-01-14 09:33:54');
INSERT INTO user_login VALUES ('295', '1', '127.0.0.1', '2014-01-14 09:34:17');
INSERT INTO user_login VALUES ('296', '1', '127.0.0.1', '2014-01-14 09:35:00');
INSERT INTO user_login VALUES ('297', '1', '127.0.0.1', '2014-01-14 09:37:20');
INSERT INTO user_login VALUES ('298', '1', '127.0.0.1', '2014-01-14 09:47:54');
INSERT INTO user_login VALUES ('299', '1', '127.0.0.1', '2014-01-14 09:56:04');
INSERT INTO user_login VALUES ('300', '1', '127.0.0.1', '2014-01-14 10:06:43');
INSERT INTO user_login VALUES ('301', '1', '127.0.0.1', '2014-01-14 10:15:40');
INSERT INTO user_login VALUES ('302', '1', '127.0.0.1', '2014-01-14 10:17:46');
INSERT INTO user_login VALUES ('303', '1', '127.0.0.1', '2014-01-14 10:19:17');
INSERT INTO user_login VALUES ('304', '1', '127.0.0.1', '2014-01-14 10:25:29');
INSERT INTO user_login VALUES ('305', '1', '127.0.0.1', '2014-01-14 10:28:48');
INSERT INTO user_login VALUES ('306', '1', '127.0.0.1', '2014-01-14 10:35:00');
INSERT INTO user_login VALUES ('307', '1', '127.0.0.1', '2014-01-14 10:41:06');
INSERT INTO user_login VALUES ('308', '1', '127.0.0.1', '2014-01-14 10:41:30');
INSERT INTO user_login VALUES ('309', '1', '127.0.0.1', '2014-01-14 11:33:46');
INSERT INTO user_login VALUES ('310', '1', '127.0.0.1', '2014-01-14 11:51:27');
INSERT INTO user_login VALUES ('311', '1', '127.0.0.1', '2014-01-14 11:58:22');
INSERT INTO user_login VALUES ('312', '1', '127.0.0.1', '2014-01-14 12:11:59');
INSERT INTO user_login VALUES ('313', '1', '127.0.0.1', '2014-01-14 13:59:46');
INSERT INTO user_login VALUES ('314', '1', '127.0.0.1', '2014-01-14 14:01:15');
INSERT INTO user_login VALUES ('315', '1', '127.0.0.1', '2014-01-14 14:02:37');
INSERT INTO user_login VALUES ('316', '1', '127.0.0.1', '2014-01-14 14:02:38');
INSERT INTO user_login VALUES ('317', '1', '127.0.0.1', '2014-01-14 14:15:40');
INSERT INTO user_login VALUES ('318', '1', '127.0.0.1', '2014-01-14 14:19:51');
INSERT INTO user_login VALUES ('319', '1', '127.0.0.1', '2014-01-14 14:40:57');
INSERT INTO user_login VALUES ('320', '1', '127.0.0.1', '2014-01-14 14:45:25');
INSERT INTO user_login VALUES ('321', '1', '10.168.1.188', '2014-01-14 14:46:37');
INSERT INTO user_login VALUES ('322', '1', '127.0.0.1', '2014-01-14 14:50:18');
INSERT INTO user_login VALUES ('323', '1', '127.0.0.1', '2014-01-14 15:05:14');
INSERT INTO user_login VALUES ('324', '1', '127.0.0.1', '2014-01-14 15:11:47');
INSERT INTO user_login VALUES ('325', '1', '127.0.0.1', '2014-01-14 15:13:15');
INSERT INTO user_login VALUES ('326', '1', '127.0.0.1', '2014-01-14 15:13:26');
INSERT INTO user_login VALUES ('327', '1', '127.0.0.1', '2014-01-14 15:14:42');
INSERT INTO user_login VALUES ('328', '1', '127.0.0.1', '2014-01-14 15:16:07');
INSERT INTO user_login VALUES ('329', '1', '127.0.0.1', '2014-01-14 15:18:33');
INSERT INTO user_login VALUES ('330', '1', '127.0.0.1', '2014-01-14 15:21:12');
INSERT INTO user_login VALUES ('331', '1', '127.0.0.1', '2014-01-14 15:22:12');
INSERT INTO user_login VALUES ('332', '1', '127.0.0.1', '2014-01-14 15:22:47');
INSERT INTO user_login VALUES ('333', '1', '127.0.0.1', '2014-01-14 15:24:05');
INSERT INTO user_login VALUES ('334', '1', '127.0.0.1', '2014-01-14 15:27:16');
INSERT INTO user_login VALUES ('335', '1', '127.0.0.1', '2014-01-14 15:28:01');
INSERT INTO user_login VALUES ('336', '1', '127.0.0.1', '2014-01-14 15:31:11');
INSERT INTO user_login VALUES ('337', '1', '127.0.0.1', '2014-01-14 15:32:04');
INSERT INTO user_login VALUES ('338', '1', '10.168.1.188', '2014-01-14 15:32:17');
INSERT INTO user_login VALUES ('339', '1', '127.0.0.1', '2014-01-14 15:36:47');
INSERT INTO user_login VALUES ('340', '1', '127.0.0.1', '2014-01-14 15:54:20');
INSERT INTO user_login VALUES ('341', '1', '127.0.0.1', '2014-01-14 15:56:29');
INSERT INTO user_login VALUES ('342', '1', '127.0.0.1', '2014-01-14 15:59:09');
INSERT INTO user_login VALUES ('343', '1', '127.0.0.1', '2014-01-14 15:59:29');
INSERT INTO user_login VALUES ('344', '1', '127.0.0.1', '2014-01-14 16:35:45');
INSERT INTO user_login VALUES ('345', '1', '127.0.0.1', '2014-01-14 16:41:50');
INSERT INTO user_login VALUES ('346', '1', '127.0.0.1', '2014-01-14 16:41:54');
INSERT INTO user_login VALUES ('347', '1', '127.0.0.1', '2014-01-14 16:43:59');
INSERT INTO user_login VALUES ('348', '1', '127.0.0.1', '2014-01-14 16:52:13');
INSERT INTO user_login VALUES ('349', '1', '127.0.0.1', '2014-01-14 16:52:20');
INSERT INTO user_login VALUES ('350', '1', '127.0.0.1', '2014-01-14 16:53:02');
INSERT INTO user_login VALUES ('351', '1', '127.0.0.1', '2014-01-14 16:56:23');
INSERT INTO user_login VALUES ('352', '1', '127.0.0.1', '2014-01-14 16:56:50');
INSERT INTO user_login VALUES ('353', '1', '127.0.0.1', '2014-01-14 16:58:20');
INSERT INTO user_login VALUES ('354', '1', '127.0.0.1', '2014-01-14 16:59:29');
INSERT INTO user_login VALUES ('355', '1', '127.0.0.1', '2014-01-14 17:21:24');
INSERT INTO user_login VALUES ('356', '1', '127.0.0.1', '2014-01-14 17:27:42');
INSERT INTO user_login VALUES ('357', '1', '127.0.0.1', '2014-01-14 17:31:41');
INSERT INTO user_login VALUES ('358', '1', '127.0.0.1', '2014-01-14 17:55:55');
INSERT INTO user_login VALUES ('359', '1', '127.0.0.1', '2014-01-14 17:57:00');
INSERT INTO user_login VALUES ('360', '1', '127.0.0.1', '2014-01-14 18:27:33');
INSERT INTO user_login VALUES ('361', '1', '127.0.0.1', '2014-01-14 18:31:00');
INSERT INTO user_login VALUES ('362', '1', '127.0.0.1', '2014-01-14 18:31:52');
INSERT INTO user_login VALUES ('363', '1', '127.0.0.1', '2014-01-14 18:44:54');
INSERT INTO user_login VALUES ('364', '1', '127.0.0.1', '2014-01-14 18:49:52');
INSERT INTO user_login VALUES ('365', '1', '127.0.0.1', '2014-01-14 18:52:35');
INSERT INTO user_login VALUES ('366', '1', '127.0.0.1', '2014-01-14 18:53:35');
INSERT INTO user_login VALUES ('367', '1', '127.0.0.1', '2014-01-14 18:55:32');
INSERT INTO user_login VALUES ('368', '1', '127.0.0.1', '2014-01-14 18:58:21');
INSERT INTO user_login VALUES ('369', '1', '127.0.0.1', '2014-01-14 18:59:59');
INSERT INTO user_login VALUES ('370', '1', '127.0.0.1', '2014-01-15 09:50:49');
INSERT INTO user_login VALUES ('371', '1', '127.0.0.1', '2014-01-15 09:52:50');
INSERT INTO user_login VALUES ('372', '1', '127.0.0.1', '2014-01-15 09:53:33');
INSERT INTO user_login VALUES ('373', '1', '127.0.0.1', '2014-01-15 09:53:53');
INSERT INTO user_login VALUES ('374', '1', '127.0.0.1', '2014-01-15 09:56:02');
INSERT INTO user_login VALUES ('375', '1', '127.0.0.1', '2014-01-15 09:56:40');
INSERT INTO user_login VALUES ('376', '1', '127.0.0.1', '2014-01-15 09:56:59');
INSERT INTO user_login VALUES ('377', '1', '127.0.0.1', '2014-01-15 09:58:16');
INSERT INTO user_login VALUES ('378', '1', '127.0.0.1', '2014-01-15 10:00:40');
INSERT INTO user_login VALUES ('379', '1', '127.0.0.1', '2014-01-15 10:00:56');
INSERT INTO user_login VALUES ('380', '1', '127.0.0.1', '2014-01-15 10:01:11');
INSERT INTO user_login VALUES ('381', '1', '127.0.0.1', '2014-01-15 10:44:46');
INSERT INTO user_login VALUES ('382', '1', '127.0.0.1', '2014-01-15 10:46:05');
INSERT INTO user_login VALUES ('383', '1', '127.0.0.1', '2014-01-15 10:48:12');
INSERT INTO user_login VALUES ('384', '1', '127.0.0.1', '2014-01-15 10:49:32');
INSERT INTO user_login VALUES ('385', '1', '127.0.0.1', '2014-01-15 10:50:14');
INSERT INTO user_login VALUES ('386', '1', '127.0.0.1', '2014-01-15 10:50:33');
INSERT INTO user_login VALUES ('387', '1', '127.0.0.1', '2014-01-15 10:52:25');
INSERT INTO user_login VALUES ('388', '1', '127.0.0.1', '2014-01-15 10:53:30');
INSERT INTO user_login VALUES ('389', '1', '127.0.0.1', '2014-01-15 10:59:34');
INSERT INTO user_login VALUES ('390', '1', '127.0.0.1', '2014-01-15 11:01:51');
INSERT INTO user_login VALUES ('391', '1', '127.0.0.1', '2014-01-15 11:03:10');
INSERT INTO user_login VALUES ('392', '1', '127.0.0.1', '2014-01-15 11:10:26');
INSERT INTO user_login VALUES ('393', '1', '127.0.0.1', '2014-01-15 11:11:56');
INSERT INTO user_login VALUES ('394', '1', '127.0.0.1', '2014-01-15 11:20:03');
INSERT INTO user_login VALUES ('395', '1', '127.0.0.1', '2014-01-15 11:35:34');
INSERT INTO user_login VALUES ('396', '1', '127.0.0.1', '2014-01-15 11:40:47');
INSERT INTO user_login VALUES ('397', '1', '127.0.0.1', '2014-01-15 13:55:47');
INSERT INTO user_login VALUES ('398', '1', '127.0.0.1', '2014-01-15 15:05:36');
INSERT INTO user_login VALUES ('399', '1', '127.0.0.1', '2014-01-15 15:17:09');
INSERT INTO user_login VALUES ('400', '1', '127.0.0.1', '2014-01-15 15:18:01');
INSERT INTO user_login VALUES ('401', '1', '127.0.0.1', '2014-01-15 15:27:02');
INSERT INTO user_login VALUES ('402', '1', '127.0.0.1', '2014-01-15 15:29:03');
INSERT INTO user_login VALUES ('403', '1', '127.0.0.1', '2014-01-15 15:29:09');
INSERT INTO user_login VALUES ('404', '1', '127.0.0.1', '2014-01-15 15:39:43');
INSERT INTO user_login VALUES ('405', '1', '127.0.0.1', '2014-01-15 15:55:54');
INSERT INTO user_login VALUES ('406', '1', '127.0.0.1', '2014-01-15 15:56:30');
INSERT INTO user_login VALUES ('407', '1', '127.0.0.1', '2014-01-15 16:07:04');
INSERT INTO user_login VALUES ('408', '1', '127.0.0.1', '2014-01-15 16:09:29');
INSERT INTO user_login VALUES ('409', '1', '127.0.0.1', '2014-01-15 16:14:42');
INSERT INTO user_login VALUES ('410', '1', '127.0.0.1', '2014-01-15 16:15:45');
INSERT INTO user_login VALUES ('411', '1', '127.0.0.1', '2014-01-15 17:00:47');
INSERT INTO user_login VALUES ('412', '1', '127.0.0.1', '2014-01-15 17:03:18');
INSERT INTO user_login VALUES ('413', '1', '127.0.0.1', '2014-01-15 17:03:53');
INSERT INTO user_login VALUES ('414', '1', '127.0.0.1', '2014-01-15 17:05:35');
INSERT INTO user_login VALUES ('415', '1', '127.0.0.1', '2014-01-15 17:05:52');
INSERT INTO user_login VALUES ('416', '1', '127.0.0.1', '2014-01-15 17:06:51');
INSERT INTO user_login VALUES ('417', '1', '127.0.0.1', '2014-01-15 17:09:14');
INSERT INTO user_login VALUES ('418', '1', '127.0.0.1', '2014-01-15 17:10:17');
INSERT INTO user_login VALUES ('419', '1', '127.0.0.1', '2014-01-15 17:14:14');
INSERT INTO user_login VALUES ('420', '1', '127.0.0.1', '2014-01-15 17:14:47');
INSERT INTO user_login VALUES ('421', '1', '127.0.0.1', '2014-01-15 17:15:53');
INSERT INTO user_login VALUES ('422', '1', '127.0.0.1', '2014-01-15 17:28:22');
INSERT INTO user_login VALUES ('423', '1', '127.0.0.1', '2014-01-15 17:28:50');
INSERT INTO user_login VALUES ('424', '1', '127.0.0.1', '2014-01-15 17:30:32');
INSERT INTO user_login VALUES ('425', '1', '127.0.0.1', '2014-01-15 17:30:54');
INSERT INTO user_login VALUES ('426', '1', '127.0.0.1', '2014-01-15 17:31:20');
INSERT INTO user_login VALUES ('427', '1', '127.0.0.1', '2014-01-15 17:32:45');
INSERT INTO user_login VALUES ('428', '1', '127.0.0.1', '2014-01-15 17:33:02');
INSERT INTO user_login VALUES ('429', '1', '127.0.0.1', '2014-01-15 17:34:11');
INSERT INTO user_login VALUES ('430', '1', '127.0.0.1', '2014-01-15 17:36:01');
INSERT INTO user_login VALUES ('431', '1', '127.0.0.1', '2014-01-15 17:37:29');
INSERT INTO user_login VALUES ('432', '1', '127.0.0.1', '2014-01-15 17:38:10');
INSERT INTO user_login VALUES ('433', '1', '127.0.0.1', '2014-01-15 17:39:44');
INSERT INTO user_login VALUES ('434', '1', '127.0.0.1', '2014-01-15 17:42:18');
INSERT INTO user_login VALUES ('435', '1', '127.0.0.1', '2014-01-15 17:46:08');
INSERT INTO user_login VALUES ('436', '1', '127.0.0.1', '2014-01-15 17:47:52');
INSERT INTO user_login VALUES ('437', '1', '127.0.0.1', '2014-01-15 17:49:22');
INSERT INTO user_login VALUES ('438', '1', '127.0.0.1', '2014-01-15 17:50:39');
INSERT INTO user_login VALUES ('439', '1', '127.0.0.1', '2014-01-15 17:55:56');
INSERT INTO user_login VALUES ('440', '1', '127.0.0.1', '2014-01-15 17:58:22');
INSERT INTO user_login VALUES ('441', '1', '127.0.0.1', '2014-01-15 18:01:01');
INSERT INTO user_login VALUES ('442', '1', '127.0.0.1', '2014-01-16 09:29:20');
INSERT INTO user_login VALUES ('443', '1', '127.0.0.1', '2014-01-16 09:56:42');
INSERT INTO user_login VALUES ('444', '1', '127.0.0.1', '2014-01-16 09:57:13');
INSERT INTO user_login VALUES ('445', '1', '127.0.0.1', '2014-01-16 10:05:04');
INSERT INTO user_login VALUES ('446', '1', '127.0.0.1', '2014-01-16 10:06:28');
INSERT INTO user_login VALUES ('447', '1', '127.0.0.1', '2014-01-16 10:06:57');
INSERT INTO user_login VALUES ('448', '1', '127.0.0.1', '2014-01-16 10:16:27');
INSERT INTO user_login VALUES ('449', '1', '0:0:0:0:0:0:0:1', '2014-01-16 11:07:50');
INSERT INTO user_login VALUES ('450', '1', '0:0:0:0:0:0:0:1', '2014-01-16 11:19:39');
INSERT INTO user_login VALUES ('451', '1', '0:0:0:0:0:0:0:1', '2014-01-16 11:21:34');
INSERT INTO user_login VALUES ('452', '1', '0:0:0:0:0:0:0:1', '2014-01-16 11:23:00');
INSERT INTO user_login VALUES ('453', '1', '0:0:0:0:0:0:0:1', '2014-01-16 11:23:09');
INSERT INTO user_login VALUES ('454', '1', '0:0:0:0:0:0:0:1', '2014-01-16 11:23:13');
INSERT INTO user_login VALUES ('455', '1', '0:0:0:0:0:0:0:1', '2014-01-16 11:24:32');
INSERT INTO user_login VALUES ('456', '1', '0:0:0:0:0:0:0:1', '2014-01-16 11:24:55');
INSERT INTO user_login VALUES ('457', '1', '0:0:0:0:0:0:0:1', '2014-01-16 11:26:23');
INSERT INTO user_login VALUES ('458', '1', '0:0:0:0:0:0:0:1', '2014-01-16 11:27:40');
INSERT INTO user_login VALUES ('459', '1', '0:0:0:0:0:0:0:1', '2014-01-16 11:29:47');
INSERT INTO user_login VALUES ('460', '1', '0:0:0:0:0:0:0:1', '2014-01-16 11:30:00');
INSERT INTO user_login VALUES ('461', '1', '0:0:0:0:0:0:0:1', '2014-01-16 11:40:07');
INSERT INTO user_login VALUES ('462', '1', '0:0:0:0:0:0:0:1', '2014-01-16 11:42:24');
INSERT INTO user_login VALUES ('463', '1', '0:0:0:0:0:0:0:1', '2014-01-16 12:32:53');
INSERT INTO user_login VALUES ('464', '1', '0:0:0:0:0:0:0:1', '2014-01-16 13:48:36');
INSERT INTO user_login VALUES ('465', '1', '0:0:0:0:0:0:0:1', '2014-01-16 13:48:42');
INSERT INTO user_login VALUES ('466', '1', '0:0:0:0:0:0:0:1', '2014-01-16 14:12:12');
INSERT INTO user_login VALUES ('467', '1', '0:0:0:0:0:0:0:1', '2014-01-16 14:15:01');
INSERT INTO user_login VALUES ('468', '1', '127.0.0.1', '2014-01-16 14:48:21');
INSERT INTO user_login VALUES ('469', '1', '127.0.0.1', '2014-01-16 14:55:03');
INSERT INTO user_login VALUES ('470', '1', '127.0.0.1', '2014-01-16 15:08:05');
INSERT INTO user_login VALUES ('471', '1', '127.0.0.1', '2014-01-16 15:18:18');
INSERT INTO user_login VALUES ('472', '1', '127.0.0.1', '2014-01-16 15:33:30');
INSERT INTO user_login VALUES ('473', '1', '127.0.0.1', '2014-01-16 15:37:21');
INSERT INTO user_login VALUES ('474', '1', '127.0.0.1', '2014-01-16 15:45:03');
INSERT INTO user_login VALUES ('475', '1', '127.0.0.1', '2014-01-16 15:46:53');
INSERT INTO user_login VALUES ('476', '1', '127.0.0.1', '2014-01-16 16:03:27');
INSERT INTO user_login VALUES ('477', '1', '127.0.0.1', '2014-01-16 16:05:54');
INSERT INTO user_login VALUES ('478', '1', '127.0.0.1', '2014-01-16 16:44:40');
INSERT INTO user_login VALUES ('479', '1', '127.0.0.1', '2014-01-16 16:48:41');
INSERT INTO user_login VALUES ('480', '1', '127.0.0.1', '2014-01-16 16:56:02');
INSERT INTO user_login VALUES ('481', '1', '127.0.0.1', '2014-01-16 16:59:58');
INSERT INTO user_login VALUES ('482', '1', '127.0.0.1', '2014-01-16 17:06:07');
INSERT INTO user_login VALUES ('483', '1', '127.0.0.1', '2014-01-16 17:07:11');
INSERT INTO user_login VALUES ('484', '1', '127.0.0.1', '2014-01-16 17:11:27');
INSERT INTO user_login VALUES ('485', '1', '127.0.0.1', '2014-01-16 17:15:26');
INSERT INTO user_login VALUES ('486', '1', '127.0.0.1', '2014-01-16 17:15:34');
INSERT INTO user_login VALUES ('487', '1', '127.0.0.1', '2014-01-16 17:19:02');
INSERT INTO user_login VALUES ('488', '1', '127.0.0.1', '2014-01-16 17:20:19');
INSERT INTO user_login VALUES ('489', '1', '127.0.0.1', '2014-01-16 17:21:10');
INSERT INTO user_login VALUES ('490', '1', '127.0.0.1', '2014-01-16 17:26:29');
INSERT INTO user_login VALUES ('491', '1', '127.0.0.1', '2014-01-16 18:08:46');
INSERT INTO user_login VALUES ('492', '1', '127.0.0.1', '2014-01-17 09:44:41');
INSERT INTO user_login VALUES ('493', '1', '127.0.0.1', '2014-01-17 09:46:47');
INSERT INTO user_login VALUES ('494', '1', '127.0.0.1', '2014-01-17 09:50:35');
INSERT INTO user_login VALUES ('495', '1', '127.0.0.1', '2014-01-17 09:55:16');
INSERT INTO user_login VALUES ('496', '1', '0:0:0:0:0:0:0:1', '2014-01-17 10:00:43');
INSERT INTO user_login VALUES ('497', '1', '0:0:0:0:0:0:0:1', '2014-01-17 10:00:43');
INSERT INTO user_login VALUES ('498', '1', '127.0.0.1', '2014-01-17 10:04:29');
INSERT INTO user_login VALUES ('499', '1', '0:0:0:0:0:0:0:1', '2014-01-17 11:23:50');
INSERT INTO user_login VALUES ('500', '1', '0:0:0:0:0:0:0:1', '2014-01-17 11:24:20');
INSERT INTO user_login VALUES ('501', '1', '0:0:0:0:0:0:0:1', '2014-01-17 11:24:34');
INSERT INTO user_login VALUES ('502', '1', '127.0.0.1', '2014-01-17 11:26:25');
INSERT INTO user_login VALUES ('503', '1', '127.0.0.1', '2014-01-17 11:27:41');
INSERT INTO user_login VALUES ('504', '1', '127.0.0.1', '2014-01-17 11:29:26');
INSERT INTO user_login VALUES ('505', '1', '127.0.0.1', '2014-01-17 11:31:36');
INSERT INTO user_login VALUES ('506', '1', '127.0.0.1', '2014-01-17 11:33:46');
INSERT INTO user_login VALUES ('507', '1', '127.0.0.1', '2014-01-17 11:36:17');
INSERT INTO user_login VALUES ('508', '1', '127.0.0.1', '2014-01-17 11:45:00');
INSERT INTO user_login VALUES ('509', '1', '0:0:0:0:0:0:0:1', '2014-01-17 13:30:41');
INSERT INTO user_login VALUES ('510', '1', '0:0:0:0:0:0:0:1', '2014-01-17 13:31:21');
INSERT INTO user_login VALUES ('511', '1', '0:0:0:0:0:0:0:1', '2014-01-17 13:31:56');
INSERT INTO user_login VALUES ('512', '1', '127.0.0.1', '2014-01-17 13:45:19');
INSERT INTO user_login VALUES ('513', '1', '127.0.0.1', '2014-01-17 14:23:11');
INSERT INTO user_login VALUES ('514', '1', '127.0.0.1', '2014-01-17 14:23:57');
INSERT INTO user_login VALUES ('515', '1', '0:0:0:0:0:0:0:1', '2014-01-17 14:27:22');
INSERT INTO user_login VALUES ('516', '1', '0:0:0:0:0:0:0:1', '2014-01-17 14:36:07');
INSERT INTO user_login VALUES ('517', '1', '0:0:0:0:0:0:0:1', '2014-01-17 14:38:01');
INSERT INTO user_login VALUES ('518', '1', '0:0:0:0:0:0:0:1', '2014-01-17 14:38:55');
INSERT INTO user_login VALUES ('519', '1', '0:0:0:0:0:0:0:1', '2014-01-17 14:53:20');
INSERT INTO user_login VALUES ('520', '1', '0:0:0:0:0:0:0:1', '2014-01-17 14:54:25');
INSERT INTO user_login VALUES ('521', '1', '0:0:0:0:0:0:0:1', '2014-01-17 14:55:16');
INSERT INTO user_login VALUES ('522', '1', '0:0:0:0:0:0:0:1', '2014-01-17 14:57:50');
INSERT INTO user_login VALUES ('523', '1', '0:0:0:0:0:0:0:1', '2014-01-17 15:00:01');
INSERT INTO user_login VALUES ('524', '1', '0:0:0:0:0:0:0:1', '2014-01-17 15:00:31');
INSERT INTO user_login VALUES ('525', '1', '0:0:0:0:0:0:0:1', '2014-01-17 15:01:03');
INSERT INTO user_login VALUES ('526', '1', '127.0.0.1', '2014-01-17 15:10:46');
INSERT INTO user_login VALUES ('527', '1', '0:0:0:0:0:0:0:1', '2014-01-17 15:17:44');
INSERT INTO user_login VALUES ('528', '1', '0:0:0:0:0:0:0:1', '2014-01-17 15:20:46');
INSERT INTO user_login VALUES ('529', '1', '127.0.0.1', '2014-01-17 15:36:18');
INSERT INTO user_login VALUES ('530', '1', '127.0.0.1', '2014-01-17 15:41:03');
INSERT INTO user_login VALUES ('531', '1', '127.0.0.1', '2014-01-17 15:45:42');
INSERT INTO user_login VALUES ('532', '1', '127.0.0.1', '2014-01-17 16:09:03');
INSERT INTO user_login VALUES ('533', '1', '127.0.0.1', '2014-01-17 16:19:10');
INSERT INTO user_login VALUES ('534', '1', '127.0.0.1', '2014-01-17 16:24:41');
INSERT INTO user_login VALUES ('535', '1', '127.0.0.1', '2014-01-17 16:26:16');
INSERT INTO user_login VALUES ('536', '1', '127.0.0.1', '2014-01-17 16:29:22');
INSERT INTO user_login VALUES ('537', '1', '127.0.0.1', '2014-01-17 16:47:36');
INSERT INTO user_login VALUES ('538', '1', '0:0:0:0:0:0:0:1', '2014-01-17 16:48:42');
INSERT INTO user_login VALUES ('539', '1', '0:0:0:0:0:0:0:1', '2014-01-17 16:49:19');
INSERT INTO user_login VALUES ('540', '1', '0:0:0:0:0:0:0:1', '2014-01-17 16:49:55');
INSERT INTO user_login VALUES ('541', '1', '0:0:0:0:0:0:0:1', '2014-01-17 16:51:06');
INSERT INTO user_login VALUES ('542', '1', '127.0.0.1', '2014-01-17 16:51:06');
INSERT INTO user_login VALUES ('543', '1', '127.0.0.1', '2014-01-17 16:52:47');
INSERT INTO user_login VALUES ('544', '1', '127.0.0.1', '2014-01-17 16:55:07');
INSERT INTO user_login VALUES ('545', '1', '127.0.0.1', '2014-01-17 16:58:12');
INSERT INTO user_login VALUES ('546', '1', '127.0.0.1', '2014-01-17 17:00:37');
INSERT INTO user_login VALUES ('547', '1', '127.0.0.1', '2014-01-17 17:03:23');
INSERT INTO user_login VALUES ('548', '1', '127.0.0.1', '2014-01-17 17:04:57');
INSERT INTO user_login VALUES ('549', '1', '127.0.0.1', '2014-01-17 17:11:54');
INSERT INTO user_login VALUES ('550', '1', '127.0.0.1', '2014-01-17 17:14:36');
INSERT INTO user_login VALUES ('551', '1', '127.0.0.1', '2014-01-17 17:19:25');
INSERT INTO user_login VALUES ('552', '1', '127.0.0.1', '2014-01-17 17:24:37');
INSERT INTO user_login VALUES ('553', '1', '127.0.0.1', '2014-01-17 17:26:50');
INSERT INTO user_login VALUES ('554', '1', '127.0.0.1', '2014-01-17 17:30:40');
INSERT INTO user_login VALUES ('555', '1', '127.0.0.1', '2014-01-17 17:32:26');
INSERT INTO user_login VALUES ('556', '1', '127.0.0.1', '2014-01-17 17:34:19');
INSERT INTO user_login VALUES ('557', '1', '127.0.0.1', '2014-01-17 17:36:58');
INSERT INTO user_login VALUES ('558', '1', '127.0.0.1', '2014-01-17 17:40:08');
INSERT INTO user_login VALUES ('559', '1', '127.0.0.1', '2014-01-17 17:41:53');
INSERT INTO user_login VALUES ('560', '1', '127.0.0.1', '2014-01-17 17:43:06');
INSERT INTO user_login VALUES ('561', '1', '127.0.0.1', '2014-01-17 17:46:02');
INSERT INTO user_login VALUES ('562', '1', '127.0.0.1', '2014-01-17 17:54:37');
INSERT INTO user_login VALUES ('563', '1', '127.0.0.1', '2014-01-17 18:01:55');
INSERT INTO user_login VALUES ('564', '1', '127.0.0.1', '2014-01-20 10:01:14');
INSERT INTO user_login VALUES ('565', '1', '127.0.0.1', '2014-01-20 10:36:23');
INSERT INTO user_login VALUES ('566', '1', '127.0.0.1', '2014-01-20 11:30:40');
INSERT INTO user_login VALUES ('567', '1', '127.0.0.1', '2014-01-20 11:37:24');
INSERT INTO user_login VALUES ('568', '1', '0:0:0:0:0:0:0:1', '2014-01-20 13:54:30');
INSERT INTO user_login VALUES ('569', '1', '127.0.0.1', '2014-01-20 14:23:32');
INSERT INTO user_login VALUES ('570', '1', '127.0.0.1', '2014-01-20 14:27:17');
INSERT INTO user_login VALUES ('571', '1', '127.0.0.1', '2014-01-20 14:29:13');
INSERT INTO user_login VALUES ('572', '1', '127.0.0.1', '2014-01-20 14:32:38');
INSERT INTO user_login VALUES ('573', '1', '127.0.0.1', '2014-01-20 14:55:39');
INSERT INTO user_login VALUES ('574', '1', '127.0.0.1', '2014-01-20 14:56:10');
INSERT INTO user_login VALUES ('575', '1', '127.0.0.1', '2014-01-20 14:56:45');
INSERT INTO user_login VALUES ('576', '1', '127.0.0.1', '2014-01-20 15:10:34');
INSERT INTO user_login VALUES ('577', '1', '127.0.0.1', '2014-01-20 15:11:07');
INSERT INTO user_login VALUES ('578', '1', '127.0.0.1', '2014-01-20 15:11:20');
INSERT INTO user_login VALUES ('579', '1', '127.0.0.1', '2014-01-20 15:18:06');
INSERT INTO user_login VALUES ('580', '1', '127.0.0.1', '2014-01-20 15:20:48');
INSERT INTO user_login VALUES ('581', '1', '127.0.0.1', '2014-01-20 15:21:59');
INSERT INTO user_login VALUES ('582', '1', '127.0.0.1', '2014-01-20 15:22:09');
INSERT INTO user_login VALUES ('583', '1', '127.0.0.1', '2014-01-20 15:24:43');
INSERT INTO user_login VALUES ('584', '1', '127.0.0.1', '2014-01-20 15:31:13');
INSERT INTO user_login VALUES ('585', '1', '127.0.0.1', '2014-01-20 15:42:22');
INSERT INTO user_login VALUES ('586', '1', '127.0.0.1', '2014-01-20 15:47:56');
INSERT INTO user_login VALUES ('587', '1', '127.0.0.1', '2014-01-20 16:48:11');
INSERT INTO user_login VALUES ('588', '1', '127.0.0.1', '2014-01-20 16:58:29');
INSERT INTO user_login VALUES ('589', '1', '127.0.0.1', '2014-01-20 17:31:49');
INSERT INTO user_login VALUES ('590', '1', '127.0.0.1', '2014-01-20 17:40:08');
INSERT INTO user_login VALUES ('591', '1', '127.0.0.1', '2014-01-20 17:41:12');
INSERT INTO user_login VALUES ('592', '1', '127.0.0.1', '2014-01-20 17:41:46');
INSERT INTO user_login VALUES ('593', '1', '127.0.0.1', '2014-01-20 17:46:16');
INSERT INTO user_login VALUES ('594', '1', '127.0.0.1', '2014-01-20 17:47:06');
INSERT INTO user_login VALUES ('595', '1', '127.0.0.1', '2014-01-20 17:48:21');
INSERT INTO user_login VALUES ('596', '1', '127.0.0.1', '2014-01-20 17:49:45');
INSERT INTO user_login VALUES ('597', '1', '127.0.0.1', '2014-01-20 17:51:12');
INSERT INTO user_login VALUES ('598', '1', '127.0.0.1', '2014-01-20 17:56:05');
INSERT INTO user_login VALUES ('599', '1', '127.0.0.1', '2014-01-20 18:04:38');
INSERT INTO user_login VALUES ('600', '1', '127.0.0.1', '2014-01-20 18:06:21');
INSERT INTO user_login VALUES ('601', '1', '127.0.0.1', '2014-01-20 18:10:02');
INSERT INTO user_login VALUES ('602', '1', '127.0.0.1', '2014-01-21 09:11:42');
INSERT INTO user_login VALUES ('603', '1', '127.0.0.1', '2014-01-21 09:14:07');
INSERT INTO user_login VALUES ('604', '1', '127.0.0.1', '2014-01-21 09:15:39');
INSERT INTO user_login VALUES ('605', '1', '0:0:0:0:0:0:0:1', '2014-01-21 09:38:48');
INSERT INTO user_login VALUES ('606', '1', '0:0:0:0:0:0:0:1', '2014-01-21 09:47:07');
INSERT INTO user_login VALUES ('607', '1', '0:0:0:0:0:0:0:1', '2014-01-21 09:48:39');
INSERT INTO user_login VALUES ('608', '1', '127.0.0.1', '2014-01-21 09:51:21');
INSERT INTO user_login VALUES ('609', '1', '127.0.0.1', '2014-01-21 09:51:40');
INSERT INTO user_login VALUES ('610', '1', '127.0.0.1', '2014-01-21 09:52:47');
INSERT INTO user_login VALUES ('611', '1', '127.0.0.1', '2014-01-21 10:06:44');
INSERT INTO user_login VALUES ('612', '1', '127.0.0.1', '2014-01-21 10:27:41');
INSERT INTO user_login VALUES ('613', '1', '127.0.0.1', '2014-01-21 14:25:43');
INSERT INTO user_login VALUES ('614', '1', '127.0.0.1', '2014-01-21 14:44:18');
INSERT INTO user_login VALUES ('615', '1', '0:0:0:0:0:0:0:1', '2014-01-21 14:49:13');
INSERT INTO user_login VALUES ('616', '1', '0:0:0:0:0:0:0:1', '2014-01-21 15:00:55');
INSERT INTO user_login VALUES ('617', '1', '0:0:0:0:0:0:0:1', '2014-01-21 15:02:59');
INSERT INTO user_login VALUES ('618', '1', '127.0.0.1', '2014-01-21 15:07:00');
INSERT INTO user_login VALUES ('619', '1', '127.0.0.1', '2014-01-21 15:15:26');
INSERT INTO user_login VALUES ('620', '1', '127.0.0.1', '2014-01-21 15:15:52');
INSERT INTO user_login VALUES ('621', '1', '127.0.0.1', '2014-01-21 15:18:28');
INSERT INTO user_login VALUES ('622', '1', '127.0.0.1', '2014-01-21 15:20:11');
INSERT INTO user_login VALUES ('623', '1', '127.0.0.1', '2014-01-21 15:23:03');
INSERT INTO user_login VALUES ('624', '1', '127.0.0.1', '2014-01-21 15:28:25');
INSERT INTO user_login VALUES ('625', '1', '127.0.0.1', '2014-01-21 15:31:01');
INSERT INTO user_login VALUES ('626', '1', '127.0.0.1', '2014-01-21 15:31:23');
INSERT INTO user_login VALUES ('627', '1', '127.0.0.1', '2014-01-21 15:34:48');
INSERT INTO user_login VALUES ('628', '1', '127.0.0.1', '2014-01-21 15:37:51');
INSERT INTO user_login VALUES ('629', '1', '0:0:0:0:0:0:0:1', '2014-01-21 15:45:51');
INSERT INTO user_login VALUES ('630', '1', '0:0:0:0:0:0:0:1', '2014-01-21 16:41:43');
INSERT INTO user_login VALUES ('631', '1', '0:0:0:0:0:0:0:1', '2014-01-21 16:42:30');
INSERT INTO user_login VALUES ('632', '1', '0:0:0:0:0:0:0:1', '2014-01-21 16:44:54');
INSERT INTO user_login VALUES ('633', '1', '0:0:0:0:0:0:0:1', '2014-01-21 17:04:28');
INSERT INTO user_login VALUES ('634', '1', '0:0:0:0:0:0:0:1', '2014-01-21 17:04:49');
INSERT INTO user_login VALUES ('635', '1', '0:0:0:0:0:0:0:1', '2014-01-21 17:57:00');
INSERT INTO user_login VALUES ('636', '1', '127.0.0.1', '2014-01-21 18:12:13');
INSERT INTO user_login VALUES ('637', '1', '0:0:0:0:0:0:0:1', '2014-01-21 18:12:21');
INSERT INTO user_login VALUES ('638', '1', '0:0:0:0:0:0:0:1', '2014-01-21 18:17:23');
INSERT INTO user_login VALUES ('639', '1', '0:0:0:0:0:0:0:1', '2014-01-21 18:18:58');
INSERT INTO user_login VALUES ('640', '1', '0:0:0:0:0:0:0:1', '2014-01-22 09:08:25');
INSERT INTO user_login VALUES ('641', '1', '0:0:0:0:0:0:0:1', '2014-01-22 09:08:44');
INSERT INTO user_login VALUES ('642', '1', '127.0.0.1', '2014-01-22 09:13:07');
INSERT INTO user_login VALUES ('643', '1', '127.0.0.1', '2014-01-22 09:24:17');
INSERT INTO user_login VALUES ('644', '1', '127.0.0.1', '2014-01-22 09:37:06');
INSERT INTO user_login VALUES ('645', '1', '0:0:0:0:0:0:0:1', '2014-01-22 09:37:25');
INSERT INTO user_login VALUES ('646', '1', '127.0.0.1', '2014-01-22 09:41:12');
INSERT INTO user_login VALUES ('647', '1', '127.0.0.1', '2014-01-22 09:43:35');
INSERT INTO user_login VALUES ('648', '1', '127.0.0.1', '2014-01-22 09:43:41');
INSERT INTO user_login VALUES ('649', '1', '127.0.0.1', '2014-01-22 09:44:46');
INSERT INTO user_login VALUES ('650', '1', '127.0.0.1', '2014-01-22 09:45:02');
INSERT INTO user_login VALUES ('651', '1', '127.0.0.1', '2014-01-22 09:45:22');
INSERT INTO user_login VALUES ('652', '1', '127.0.0.1', '2014-01-22 09:45:50');
INSERT INTO user_login VALUES ('653', '1', '127.0.0.1', '2014-01-22 09:53:23');
INSERT INTO user_login VALUES ('654', '1', '127.0.0.1', '2014-01-22 09:56:01');
INSERT INTO user_login VALUES ('655', '1', '0:0:0:0:0:0:0:1', '2014-01-22 09:56:34');
INSERT INTO user_login VALUES ('656', '1', '127.0.0.1', '2014-01-22 10:02:42');
INSERT INTO user_login VALUES ('657', '1', '127.0.0.1', '2014-01-22 10:03:00');
INSERT INTO user_login VALUES ('658', '1', '127.0.0.1', '2014-01-22 10:04:48');
INSERT INTO user_login VALUES ('659', '1', '127.0.0.1', '2014-01-22 10:06:50');
INSERT INTO user_login VALUES ('660', '1', '127.0.0.1', '2014-01-22 10:09:56');
INSERT INTO user_login VALUES ('661', '1', '127.0.0.1', '2014-01-22 10:12:18');
INSERT INTO user_login VALUES ('662', '1', '127.0.0.1', '2014-01-22 10:17:24');
INSERT INTO user_login VALUES ('663', '1', '127.0.0.1', '2014-01-22 10:17:45');
INSERT INTO user_login VALUES ('664', '1', '127.0.0.1', '2014-01-22 10:19:07');
INSERT INTO user_login VALUES ('665', '1', '127.0.0.1', '2014-01-22 10:19:24');
INSERT INTO user_login VALUES ('666', '1', '127.0.0.1', '2014-01-22 10:21:53');
INSERT INTO user_login VALUES ('667', '1', '127.0.0.1', '2014-01-22 10:21:59');
INSERT INTO user_login VALUES ('668', '1', '127.0.0.1', '2014-01-22 10:24:45');
INSERT INTO user_login VALUES ('669', '1', '127.0.0.1', '2014-01-22 10:26:18');
INSERT INTO user_login VALUES ('670', '1', '127.0.0.1', '2014-01-22 10:30:26');
INSERT INTO user_login VALUES ('671', '1', '0:0:0:0:0:0:0:1', '2014-01-22 10:31:58');
INSERT INTO user_login VALUES ('672', '1', '0:0:0:0:0:0:0:1', '2014-01-22 10:33:46');
INSERT INTO user_login VALUES ('673', '1', '0:0:0:0:0:0:0:1', '2014-01-22 10:36:17');
INSERT INTO user_login VALUES ('674', '1', '127.0.0.1', '2014-01-22 10:37:43');
INSERT INTO user_login VALUES ('675', '1', '127.0.0.1', '2014-01-22 10:38:01');
INSERT INTO user_login VALUES ('676', '1', '0:0:0:0:0:0:0:1', '2014-01-22 10:38:42');
INSERT INTO user_login VALUES ('677', '1', '0:0:0:0:0:0:0:1', '2014-01-22 10:39:33');
INSERT INTO user_login VALUES ('678', '1', '0:0:0:0:0:0:0:1', '2014-01-22 10:41:14');
INSERT INTO user_login VALUES ('679', '1', '0:0:0:0:0:0:0:1', '2014-01-22 10:41:49');
INSERT INTO user_login VALUES ('680', '1', '127.0.0.1', '2014-01-22 10:45:03');
INSERT INTO user_login VALUES ('681', '1', '127.0.0.1', '2014-01-22 11:01:11');
INSERT INTO user_login VALUES ('682', '1', '127.0.0.1', '2014-01-22 11:07:35');
INSERT INTO user_login VALUES ('683', '1', '127.0.0.1', '2014-01-22 11:09:54');
INSERT INTO user_login VALUES ('684', '1', '127.0.0.1', '2014-01-22 15:53:21');
INSERT INTO user_login VALUES ('685', '1', '127.0.0.1', '2014-01-22 16:48:16');
INSERT INTO user_login VALUES ('686', '1', '127.0.0.1', '2014-01-22 17:12:58');
INSERT INTO user_login VALUES ('687', '1', '127.0.0.1', '2014-01-22 17:54:43');
INSERT INTO user_login VALUES ('688', '1', '127.0.0.1', '2014-01-23 11:18:24');
INSERT INTO user_login VALUES ('689', '1', '127.0.0.1', '2014-01-23 11:24:59');
INSERT INTO user_login VALUES ('690', '1', '127.0.0.1', '2014-01-23 11:27:08');
INSERT INTO user_login VALUES ('691', '1', '127.0.0.1', '2014-01-23 11:31:19');
INSERT INTO user_login VALUES ('692', '1', '127.0.0.1', '2014-01-23 11:37:07');
INSERT INTO user_login VALUES ('693', '1', '127.0.0.1', '2014-01-23 14:40:15');
INSERT INTO user_login VALUES ('694', '1', '127.0.0.1', '2014-01-23 14:49:33');
INSERT INTO user_login VALUES ('695', '1', '127.0.0.1', '2014-01-23 14:55:34');
INSERT INTO user_login VALUES ('696', '1', '127.0.0.1', '2014-01-23 15:03:00');
INSERT INTO user_login VALUES ('697', '1', '0:0:0:0:0:0:0:1', '2014-01-23 15:05:23');
INSERT INTO user_login VALUES ('698', '1', '127.0.0.1', '2014-01-23 15:06:44');
INSERT INTO user_login VALUES ('699', '1', '127.0.0.1', '2014-01-23 15:24:46');
INSERT INTO user_login VALUES ('700', '1', '127.0.0.1', '2014-01-23 15:25:07');
INSERT INTO user_login VALUES ('701', '1', '127.0.0.1', '2014-01-23 15:25:33');
INSERT INTO user_login VALUES ('702', '1', '127.0.0.1', '2014-01-23 15:27:04');
INSERT INTO user_login VALUES ('703', '1', '127.0.0.1', '2014-01-23 15:30:58');
INSERT INTO user_login VALUES ('704', '1', '127.0.0.1', '2014-01-23 15:35:37');
INSERT INTO user_login VALUES ('705', '1', '127.0.0.1', '2014-01-23 15:37:21');
INSERT INTO user_login VALUES ('706', '1', '127.0.0.1', '2014-01-23 15:38:52');
INSERT INTO user_login VALUES ('707', '1', '127.0.0.1', '2014-01-23 16:07:59');
INSERT INTO user_login VALUES ('708', '1', '127.0.0.1', '2014-01-23 16:10:18');
INSERT INTO user_login VALUES ('709', '1', '127.0.0.1', '2014-01-23 16:13:07');
INSERT INTO user_login VALUES ('710', '1', '127.0.0.1', '2014-01-23 16:14:48');
INSERT INTO user_login VALUES ('711', '1', '127.0.0.1', '2014-01-23 16:17:02');
INSERT INTO user_login VALUES ('712', '1', '127.0.0.1', '2014-01-23 16:17:25');
INSERT INTO user_login VALUES ('713', '1', '127.0.0.1', '2014-01-23 16:18:23');
INSERT INTO user_login VALUES ('714', '1', '127.0.0.1', '2014-01-23 16:18:42');
INSERT INTO user_login VALUES ('715', '1', '127.0.0.1', '2014-01-23 16:23:15');
INSERT INTO user_login VALUES ('716', '1', '127.0.0.1', '2014-01-23 16:23:58');
INSERT INTO user_login VALUES ('717', '1', '127.0.0.1', '2014-01-23 18:03:37');
INSERT INTO user_login VALUES ('718', '1', '127.0.0.1', '2014-01-23 18:05:42');
INSERT INTO user_login VALUES ('719', '1', '127.0.0.1', '2014-01-23 18:06:56');
INSERT INTO user_login VALUES ('720', '1', '127.0.0.1', '2014-01-23 18:08:03');
INSERT INTO user_login VALUES ('721', '1', '127.0.0.1', '2014-01-23 18:13:53');
INSERT INTO user_login VALUES ('722', '1', '127.0.0.1', '2014-01-23 18:14:32');
INSERT INTO user_login VALUES ('723', '1', '127.0.0.1', '2014-01-24 09:34:58');
INSERT INTO user_login VALUES ('724', '1', '127.0.0.1', '2014-01-24 10:04:12');
INSERT INTO user_login VALUES ('725', '1', '127.0.0.1', '2014-01-24 10:08:35');
INSERT INTO user_login VALUES ('726', '1', '127.0.0.1', '2014-01-24 10:13:30');
INSERT INTO user_login VALUES ('727', '1', '127.0.0.1', '2014-01-24 10:21:31');
INSERT INTO user_login VALUES ('728', '1', '127.0.0.1', '2014-01-24 10:33:14');
INSERT INTO user_login VALUES ('729', '1', '127.0.0.1', '2014-01-24 10:34:17');
INSERT INTO user_login VALUES ('730', '1', '127.0.0.1', '2014-01-24 10:40:37');
INSERT INTO user_login VALUES ('731', '1', '127.0.0.1', '2014-01-24 10:49:54');
INSERT INTO user_login VALUES ('732', '1', '127.0.0.1', '2014-01-24 10:53:31');
INSERT INTO user_login VALUES ('733', '1', '127.0.0.1', '2014-01-24 16:09:54');
INSERT INTO user_login VALUES ('734', '1', '127.0.0.1', '2014-01-24 16:17:11');
INSERT INTO user_login VALUES ('735', '1', '127.0.0.1', '2014-01-24 16:21:41');
INSERT INTO user_login VALUES ('736', '1', '127.0.0.1', '2014-01-24 16:24:56');
INSERT INTO user_login VALUES ('737', '1', '127.0.0.1', '2014-01-24 16:26:04');
INSERT INTO user_login VALUES ('738', '1', '127.0.0.1', '2014-01-24 16:27:49');
INSERT INTO user_login VALUES ('739', '1', '127.0.0.1', '2014-01-24 16:30:43');
INSERT INTO user_login VALUES ('740', '1', '127.0.0.1', '2014-01-24 16:46:18');
INSERT INTO user_login VALUES ('741', '1', '127.0.0.1', '2014-01-24 16:50:55');
INSERT INTO user_login VALUES ('742', '1', '127.0.0.1', '2014-01-24 16:51:04');
INSERT INTO user_login VALUES ('743', '1', '127.0.0.1', '2014-01-24 16:56:51');
INSERT INTO user_login VALUES ('744', '1', '127.0.0.1', '2014-01-24 17:11:22');
INSERT INTO user_login VALUES ('745', '1', '127.0.0.1', '2014-01-24 17:18:10');
INSERT INTO user_login VALUES ('746', '1', '127.0.0.1', '2014-02-10 16:04:27');
INSERT INTO user_login VALUES ('747', '1', '127.0.0.1', '2014-02-10 17:35:47');
INSERT INTO user_login VALUES ('748', '1', '127.0.0.1', '2014-02-10 17:46:07');
INSERT INTO user_login VALUES ('749', '1', '127.0.0.1', '2014-02-11 08:54:53');
INSERT INTO user_login VALUES ('750', '1', '127.0.0.1', '2014-02-11 10:20:05');
INSERT INTO user_login VALUES ('751', '1', '127.0.0.1', '2014-02-11 10:27:15');
INSERT INTO user_login VALUES ('752', '1', '127.0.0.1', '2014-02-11 10:32:04');
INSERT INTO user_login VALUES ('753', '1', '127.0.0.1', '2014-02-11 10:37:04');
INSERT INTO user_login VALUES ('754', '1', '127.0.0.1', '2014-02-11 10:41:43');
INSERT INTO user_login VALUES ('755', '1', '127.0.0.1', '2014-02-11 10:43:29');
INSERT INTO user_login VALUES ('756', '1', '127.0.0.1', '2014-02-11 10:58:40');
INSERT INTO user_login VALUES ('757', '1', '127.0.0.1', '2014-02-11 11:07:05');
INSERT INTO user_login VALUES ('758', '1', '127.0.0.1', '2014-02-11 11:09:47');
INSERT INTO user_login VALUES ('759', '1', '127.0.0.1', '2014-02-11 11:12:11');
INSERT INTO user_login VALUES ('760', '1', '127.0.0.1', '2014-02-11 11:16:15');
INSERT INTO user_login VALUES ('761', '1', '127.0.0.1', '2014-02-11 11:17:42');
INSERT INTO user_login VALUES ('762', '1', '127.0.0.1', '2014-02-11 11:19:06');
INSERT INTO user_login VALUES ('763', '1', '127.0.0.1', '2014-02-11 11:21:17');
INSERT INTO user_login VALUES ('764', '1', '127.0.0.1', '2014-02-11 11:27:04');
INSERT INTO user_login VALUES ('765', '1', '127.0.0.1', '2014-02-11 14:27:24');
INSERT INTO user_login VALUES ('766', '1', '127.0.0.1', '2014-02-11 14:31:01');
INSERT INTO user_login VALUES ('767', '1', '127.0.0.1', '2014-02-11 14:34:29');
INSERT INTO user_login VALUES ('768', '1', '127.0.0.1', '2014-02-11 14:35:01');
INSERT INTO user_login VALUES ('769', '1', '127.0.0.1', '2014-02-11 14:39:15');
INSERT INTO user_login VALUES ('770', '1', '127.0.0.1', '2014-02-11 14:42:51');
INSERT INTO user_login VALUES ('771', '1', '127.0.0.1', '2014-02-11 14:45:56');
INSERT INTO user_login VALUES ('772', '1', '127.0.0.1', '2014-02-11 14:49:25');
INSERT INTO user_login VALUES ('773', '1', '127.0.0.1', '2014-02-11 14:53:24');
INSERT INTO user_login VALUES ('774', '1', '127.0.0.1', '2014-02-11 14:55:28');
INSERT INTO user_login VALUES ('775', '1', '127.0.0.1', '2014-02-11 14:57:19');
INSERT INTO user_login VALUES ('776', '1', '127.0.0.1', '2014-02-11 14:59:07');
INSERT INTO user_login VALUES ('777', '1', '127.0.0.1', '2014-02-11 15:08:48');
INSERT INTO user_login VALUES ('778', '1', '127.0.0.1', '2014-02-11 15:14:42');
INSERT INTO user_login VALUES ('779', '1', '127.0.0.1', '2014-02-11 15:43:43');
INSERT INTO user_login VALUES ('780', '1', '127.0.0.1', '2014-02-11 15:51:15');
INSERT INTO user_login VALUES ('781', '1', '127.0.0.1', '2014-02-11 15:53:38');
INSERT INTO user_login VALUES ('782', '1', '127.0.0.1', '2014-02-11 16:00:57');
INSERT INTO user_login VALUES ('783', '1', '127.0.0.1', '2014-02-11 17:22:10');
INSERT INTO user_login VALUES ('784', '1', '127.0.0.1', '2014-02-11 17:30:11');
INSERT INTO user_login VALUES ('785', '1', '127.0.0.1', '2014-02-11 17:46:24');
INSERT INTO user_login VALUES ('786', '1', '127.0.0.1', '2014-02-11 17:57:57');
INSERT INTO user_login VALUES ('787', '1', '127.0.0.1', '2014-02-11 18:02:58');
INSERT INTO user_login VALUES ('788', '1', '127.0.0.1', '2014-02-12 09:10:14');
INSERT INTO user_login VALUES ('789', '1', '0:0:0:0:0:0:0:1', '2014-02-12 12:28:05');
INSERT INTO user_login VALUES ('790', '1', '0:0:0:0:0:0:0:1', '2014-02-12 12:30:00');
INSERT INTO user_login VALUES ('791', '1', '0:0:0:0:0:0:0:1', '2014-02-12 12:30:55');
INSERT INTO user_login VALUES ('792', '1', '0:0:0:0:0:0:0:1', '2014-02-12 12:33:34');
INSERT INTO user_login VALUES ('793', '1', '0:0:0:0:0:0:0:1', '2014-02-12 12:35:34');
INSERT INTO user_login VALUES ('794', '1', '0:0:0:0:0:0:0:1', '2014-02-12 12:38:01');
INSERT INTO user_login VALUES ('795', '1', '0:0:0:0:0:0:0:1', '2014-02-12 12:39:24');
INSERT INTO user_login VALUES ('796', '1', '0:0:0:0:0:0:0:1', '2014-02-12 12:42:47');
INSERT INTO user_login VALUES ('797', '1', '0:0:0:0:0:0:0:1', '2014-02-12 13:47:20');
INSERT INTO user_login VALUES ('798', '1', '0:0:0:0:0:0:0:1', '2014-02-12 14:22:02');
INSERT INTO user_login VALUES ('799', '1', '0:0:0:0:0:0:0:1', '2014-02-12 14:25:40');
INSERT INTO user_login VALUES ('800', '1', '127.0.0.1', '2014-02-13 08:59:40');
INSERT INTO user_login VALUES ('801', '1', '127.0.0.1', '2014-02-13 09:18:28');
INSERT INTO user_login VALUES ('802', '1', '127.0.0.1', '2014-02-13 10:16:13');
INSERT INTO user_login VALUES ('803', '1', '127.0.0.1', '2014-02-13 10:18:09');
INSERT INTO user_login VALUES ('804', '1', '127.0.0.1', '2014-02-13 10:19:43');
INSERT INTO user_login VALUES ('805', '1', '127.0.0.1', '2014-02-13 10:20:26');
INSERT INTO user_login VALUES ('806', '1', '127.0.0.1', '2014-02-13 10:24:06');
INSERT INTO user_login VALUES ('807', '1', '127.0.0.1', '2014-02-13 10:31:46');
INSERT INTO user_login VALUES ('808', '1', '127.0.0.1', '2014-02-13 10:38:25');
INSERT INTO user_login VALUES ('809', '1', '127.0.0.1', '2014-02-14 14:25:53');
INSERT INTO user_login VALUES ('810', '1', '127.0.0.1', '2014-02-14 15:13:12');
INSERT INTO user_login VALUES ('811', '1', '127.0.0.1', '2014-02-14 15:38:42');
INSERT INTO user_login VALUES ('812', '1', '0:0:0:0:0:0:0:1', '2014-02-21 14:57:50');
INSERT INTO user_login VALUES ('813', '1', '0:0:0:0:0:0:0:1', '2014-02-28 09:44:59');
INSERT INTO user_login VALUES ('814', '1', '0:0:0:0:0:0:0:1', '2014-02-28 09:53:39');
INSERT INTO user_login VALUES ('815', '1', '0:0:0:0:0:0:0:1', '2014-02-28 10:02:37');
INSERT INTO user_login VALUES ('816', '1', '0:0:0:0:0:0:0:1', '2014-02-28 10:04:03');
INSERT INTO user_login VALUES ('817', '1', '0:0:0:0:0:0:0:1', '2014-02-28 10:05:48');
INSERT INTO user_login VALUES ('818', '1', '0:0:0:0:0:0:0:1', '2014-02-28 10:06:17');
INSERT INTO user_login VALUES ('819', '1', '0:0:0:0:0:0:0:1', '2014-02-28 10:06:28');
INSERT INTO user_login VALUES ('820', '1', '0:0:0:0:0:0:0:1', '2014-02-28 10:06:36');
INSERT INTO user_login VALUES ('821', '1', '0:0:0:0:0:0:0:1', '2014-02-28 10:06:54');
INSERT INTO user_login VALUES ('822', '1', '0:0:0:0:0:0:0:1', '2014-02-28 10:07:09');
INSERT INTO user_login VALUES ('823', '1', '0:0:0:0:0:0:0:1', '2014-02-28 10:07:41');
INSERT INTO user_login VALUES ('824', '1', '0:0:0:0:0:0:0:1', '2014-02-28 10:08:25');
INSERT INTO user_login VALUES ('825', '1', '0:0:0:0:0:0:0:1', '2014-02-28 13:39:23');
INSERT INTO user_login VALUES ('826', '1', '0:0:0:0:0:0:0:1', '2014-02-28 14:00:51');
INSERT INTO user_login VALUES ('827', '1', '0:0:0:0:0:0:0:1', '2014-02-28 14:03:08');
INSERT INTO user_login VALUES ('828', '1', '0:0:0:0:0:0:0:1', '2014-02-28 14:06:42');
INSERT INTO user_login VALUES ('829', '1', '0:0:0:0:0:0:0:1', '2014-02-28 14:07:20');
INSERT INTO user_login VALUES ('830', '1', '0:0:0:0:0:0:0:1', '2014-02-28 14:10:06');
INSERT INTO user_login VALUES ('831', '1', '127.0.0.1', '2014-03-03 13:33:44');
INSERT INTO user_login VALUES ('832', '1', '0:0:0:0:0:0:0:1', '2014-03-03 14:09:32');
INSERT INTO user_login VALUES ('833', '1', '0:0:0:0:0:0:0:1', '2014-03-03 14:13:08');
INSERT INTO user_login VALUES ('834', '1', '0:0:0:0:0:0:0:1', '2014-03-03 14:14:11');
INSERT INTO user_login VALUES ('835', '1', '0:0:0:0:0:0:0:1', '2014-03-03 14:16:22');
INSERT INTO user_login VALUES ('836', '1', '0:0:0:0:0:0:0:1', '2014-03-03 14:17:26');
INSERT INTO user_login VALUES ('837', '1', '0:0:0:0:0:0:0:1', '2014-03-03 14:17:57');
INSERT INTO user_login VALUES ('838', '1', '127.0.0.1', '2014-03-03 14:18:08');
INSERT INTO user_login VALUES ('839', '1', '127.0.0.1', '2014-03-03 14:30:27');
INSERT INTO user_login VALUES ('840', '1', '127.0.0.1', '2014-03-03 14:31:25');
INSERT INTO user_login VALUES ('841', '1', '127.0.0.1', '2014-03-03 14:32:07');
INSERT INTO user_login VALUES ('842', '1', '0:0:0:0:0:0:0:1', '2014-03-03 14:36:30');
INSERT INTO user_login VALUES ('843', '1', '0:0:0:0:0:0:0:1', '2014-03-03 14:42:55');
INSERT INTO user_login VALUES ('844', '1', '127.0.0.1', '2014-03-03 14:43:41');
INSERT INTO user_login VALUES ('845', '1', '127.0.0.1', '2014-03-03 14:47:18');
INSERT INTO user_login VALUES ('846', '1', '10.168.1.94', '2014-03-03 14:48:56');
INSERT INTO user_login VALUES ('847', '1', '10.168.1.94', '2014-03-03 14:49:22');
INSERT INTO user_login VALUES ('848', '1', '10.168.1.210', '2014-03-03 14:50:22');
INSERT INTO user_login VALUES ('849', '1', '127.0.0.1', '2014-03-03 14:54:28');
INSERT INTO user_login VALUES ('850', '1', '127.0.0.1', '2014-03-03 14:56:20');
INSERT INTO user_login VALUES ('851', '1', '127.0.0.1', '2014-03-03 14:58:40');
INSERT INTO user_login VALUES ('852', '1', '127.0.0.1', '2014-03-03 17:36:37');
INSERT INTO user_login VALUES ('853', '1', '0:0:0:0:0:0:0:1', '2014-03-03 17:37:49');
INSERT INTO user_login VALUES ('854', '1', '127.0.0.1', '2014-03-03 17:40:17');
INSERT INTO user_login VALUES ('855', '1', '127.0.0.1', '2014-03-03 17:41:24');
INSERT INTO user_login VALUES ('856', '1', '127.0.0.1', '2014-03-03 17:44:45');
INSERT INTO user_login VALUES ('857', '1', '127.0.0.1', '2014-03-03 18:14:23');
INSERT INTO user_login VALUES ('858', '1', '127.0.0.1', '2014-03-03 18:15:41');
INSERT INTO user_login VALUES ('859', '1', '127.0.0.1', '2014-03-03 18:16:43');
INSERT INTO user_login VALUES ('860', '1', '127.0.0.1', '2014-03-03 18:19:58');
INSERT INTO user_login VALUES ('861', '1', '127.0.0.1', '2014-03-03 18:22:25');
INSERT INTO user_login VALUES ('862', '1', '127.0.0.1', '2014-03-03 18:26:16');
INSERT INTO user_login VALUES ('863', '1', '127.0.0.1', '2014-03-03 18:31:48');
INSERT INTO user_login VALUES ('864', '1', '127.0.0.1', '2014-03-03 18:38:46');
INSERT INTO user_login VALUES ('865', '1', '127.0.0.1', '2014-03-03 18:46:31');
INSERT INTO user_login VALUES ('866', '1', '127.0.0.1', '2014-03-03 18:48:29');
INSERT INTO user_login VALUES ('867', '1', '127.0.0.1', '2014-03-04 13:45:19');
INSERT INTO user_login VALUES ('868', '1', '127.0.0.1', '2014-03-04 13:46:38');
INSERT INTO user_login VALUES ('869', '1', '127.0.0.1', '2014-03-04 14:57:32');
INSERT INTO user_login VALUES ('870', '1', '127.0.0.1', '2014-03-04 15:13:14');
INSERT INTO user_login VALUES ('871', '1', '127.0.0.1', '2014-03-04 15:14:01');
INSERT INTO user_login VALUES ('872', '1', '127.0.0.1', '2014-03-04 15:22:51');
INSERT INTO user_login VALUES ('873', '1', '127.0.0.1', '2014-03-04 15:23:05');
INSERT INTO user_login VALUES ('874', '1', '127.0.0.1', '2014-03-04 15:39:17');
INSERT INTO user_login VALUES ('875', '1', '127.0.0.1', '2014-03-04 15:42:24');
INSERT INTO user_login VALUES ('876', '1', '127.0.0.1', '2014-03-04 15:42:48');
INSERT INTO user_login VALUES ('877', '1', '127.0.0.1', '2014-03-04 15:42:59');
INSERT INTO user_login VALUES ('878', '1', '127.0.0.1', '2014-03-04 15:43:10');
INSERT INTO user_login VALUES ('879', '1', '127.0.0.1', '2014-03-04 15:43:24');
INSERT INTO user_login VALUES ('880', '1', '127.0.0.1', '2014-03-04 15:43:30');
INSERT INTO user_login VALUES ('881', '1', '127.0.0.1', '2014-03-04 15:44:29');
INSERT INTO user_login VALUES ('882', '1', '127.0.0.1', '2014-03-04 15:45:11');
INSERT INTO user_login VALUES ('883', '1', '127.0.0.1', '2014-03-04 15:46:22');
INSERT INTO user_login VALUES ('884', '1', '127.0.0.1', '2014-03-04 15:47:05');
INSERT INTO user_login VALUES ('885', '1', '127.0.0.1', '2014-03-04 15:47:49');
INSERT INTO user_login VALUES ('886', '1', '127.0.0.1', '2014-03-04 15:48:32');
INSERT INTO user_login VALUES ('887', '1', '127.0.0.1', '2014-03-04 15:54:05');
INSERT INTO user_login VALUES ('888', '1', '127.0.0.1', '2014-03-04 16:24:33');
INSERT INTO user_login VALUES ('889', '1', '127.0.0.1', '2014-03-04 16:32:05');
INSERT INTO user_login VALUES ('890', '1', '127.0.0.1', '2014-03-04 16:32:41');
INSERT INTO user_login VALUES ('891', '1', '127.0.0.1', '2014-03-04 16:36:53');
INSERT INTO user_login VALUES ('892', '1', '127.0.0.1', '2014-03-04 16:43:36');
INSERT INTO user_login VALUES ('893', '1', '127.0.0.1', '2014-03-04 16:46:03');
INSERT INTO user_login VALUES ('894', '1', '127.0.0.1', '2014-03-04 16:53:21');
INSERT INTO user_login VALUES ('895', '1', '127.0.0.1', '2014-03-04 17:05:29');
INSERT INTO user_login VALUES ('896', '1', '127.0.0.1', '2014-03-04 17:14:26');
INSERT INTO user_login VALUES ('897', '1', '127.0.0.1', '2014-03-04 18:18:57');
INSERT INTO user_login VALUES ('898', '1', '127.0.0.1', '2014-03-04 18:22:34');
INSERT INTO user_login VALUES ('899', '1', '127.0.0.1', '2014-03-04 18:23:17');
INSERT INTO user_login VALUES ('900', '1', '127.0.0.1', '2014-03-04 18:26:42');
INSERT INTO user_login VALUES ('901', '1', '127.0.0.1', '2014-03-04 18:35:59');
INSERT INTO user_login VALUES ('902', '1', '127.0.0.1', '2014-03-04 18:39:11');
INSERT INTO user_login VALUES ('903', '1', '127.0.0.1', '2014-03-04 18:42:31');
INSERT INTO user_login VALUES ('904', '1', '127.0.0.1', '2014-03-04 18:43:55');
INSERT INTO user_login VALUES ('905', '1', '127.0.0.1', '2014-03-04 18:51:44');
INSERT INTO user_login VALUES ('906', '1', '127.0.0.1', '2014-03-04 18:55:48');
INSERT INTO user_login VALUES ('907', '1', '127.0.0.1', '2014-03-04 18:59:34');
INSERT INTO user_login VALUES ('908', '1', '127.0.0.1', '2014-03-04 19:00:36');
INSERT INTO user_login VALUES ('909', '1', '127.0.0.1', '2014-03-04 19:01:37');
INSERT INTO user_login VALUES ('910', '1', '127.0.0.1', '2014-03-04 19:02:33');
INSERT INTO user_login VALUES ('911', '1', '127.0.0.1', '2014-03-04 19:03:07');
INSERT INTO user_login VALUES ('912', '1', '127.0.0.1', '2014-03-04 19:06:52');
INSERT INTO user_login VALUES ('913', '1', '127.0.0.1', '2014-03-04 19:09:44');
INSERT INTO user_login VALUES ('914', '1', '127.0.0.1', '2014-03-04 19:11:02');
INSERT INTO user_login VALUES ('915', '1', '127.0.0.1', '2014-03-04 19:12:00');
INSERT INTO user_login VALUES ('916', '1', '127.0.0.1', '2014-03-04 19:14:22');
INSERT INTO user_login VALUES ('917', '1', '127.0.0.1', '2014-03-04 19:15:53');
INSERT INTO user_login VALUES ('918', '1', '127.0.0.1', '2014-03-04 19:17:59');
INSERT INTO user_login VALUES ('919', '16', '127.0.0.1', '2014-03-04 19:18:09');
INSERT INTO user_login VALUES ('920', '16', '127.0.0.1', '2014-03-04 19:18:34');
INSERT INTO user_login VALUES ('921', '1', '127.0.0.1', '2014-03-04 19:21:05');
INSERT INTO user_login VALUES ('922', '1', '127.0.0.1', '2014-03-04 19:21:25');
INSERT INTO user_login VALUES ('923', '1', '127.0.0.1', '2014-03-04 19:21:44');
INSERT INTO user_login VALUES ('924', '1', '127.0.0.1', '2014-03-04 19:25:24');
INSERT INTO user_login VALUES ('925', '1', '127.0.0.1', '2014-03-04 19:25:34');
INSERT INTO user_login VALUES ('926', '1', '127.0.0.1', '2014-03-04 19:26:01');
INSERT INTO user_login VALUES ('927', '1', '127.0.0.1', '2014-03-04 19:26:22');
INSERT INTO user_login VALUES ('928', '1', '127.0.0.1', '2014-03-04 19:27:07');
INSERT INTO user_login VALUES ('929', '1', '127.0.0.1', '2014-03-04 19:28:58');
INSERT INTO user_login VALUES ('930', '1', '127.0.0.1', '2014-03-04 19:31:21');
INSERT INTO user_login VALUES ('931', '1', '127.0.0.1', '2014-03-04 19:31:33');
INSERT INTO user_login VALUES ('932', '1', '127.0.0.1', '2014-03-04 19:32:55');
INSERT INTO user_login VALUES ('933', '1', '127.0.0.1', '2014-03-04 19:34:36');
INSERT INTO user_login VALUES ('934', '1', '127.0.0.1', '2014-03-04 19:37:20');
INSERT INTO user_login VALUES ('935', '1', '127.0.0.1', '2014-03-04 19:38:43');
INSERT INTO user_login VALUES ('936', '1', '127.0.0.1', '2014-03-04 19:38:56');
INSERT INTO user_login VALUES ('937', '1', '127.0.0.1', '2014-03-04 19:39:18');
INSERT INTO user_login VALUES ('938', '1', '127.0.0.1', '2014-03-04 19:40:01');
INSERT INTO user_login VALUES ('939', '1', '127.0.0.1', '2014-03-04 19:41:25');
INSERT INTO user_login VALUES ('940', '1', '127.0.0.1', '2014-03-04 19:42:26');
INSERT INTO user_login VALUES ('941', '1', '127.0.0.1', '2014-03-04 19:44:34');
INSERT INTO user_login VALUES ('942', '1', '127.0.0.1', '2014-03-04 19:44:44');
INSERT INTO user_login VALUES ('943', '1', '127.0.0.1', '2014-03-04 19:44:56');
INSERT INTO user_login VALUES ('944', '1', '127.0.0.1', '2014-03-04 19:45:15');
INSERT INTO user_login VALUES ('945', '1', '127.0.0.1', '2014-03-04 19:46:32');
INSERT INTO user_login VALUES ('946', '1', '127.0.0.1', '2014-03-04 19:46:40');
INSERT INTO user_login VALUES ('947', '1', '127.0.0.1', '2014-03-05 09:50:05');
INSERT INTO user_login VALUES ('948', '1', '127.0.0.1', '2014-03-05 09:50:15');
INSERT INTO user_login VALUES ('949', '1', '127.0.0.1', '2014-03-05 09:50:25');
INSERT INTO user_login VALUES ('950', '1', '127.0.0.1', '2014-03-05 09:50:42');
INSERT INTO user_login VALUES ('951', '1', '127.0.0.1', '2014-03-05 09:51:22');
INSERT INTO user_login VALUES ('952', '1', '127.0.0.1', '2014-03-05 09:51:49');
INSERT INTO user_login VALUES ('953', '1', '127.0.0.1', '2014-03-05 09:52:07');
INSERT INTO user_login VALUES ('954', '1', '127.0.0.1', '2014-03-05 09:52:35');
INSERT INTO user_login VALUES ('955', '1', '127.0.0.1', '2014-03-05 09:53:33');
INSERT INTO user_login VALUES ('956', '1', '127.0.0.1', '2014-03-05 09:53:49');
INSERT INTO user_login VALUES ('957', '1', '127.0.0.1', '2014-03-05 09:54:20');
INSERT INTO user_login VALUES ('958', '1', '127.0.0.1', '2014-03-05 09:58:24');
INSERT INTO user_login VALUES ('959', '1', '127.0.0.1', '2014-03-05 10:01:23');
INSERT INTO user_login VALUES ('960', '1', '127.0.0.1', '2014-03-05 10:01:44');
INSERT INTO user_login VALUES ('961', '1', '127.0.0.1', '2014-03-05 10:02:32');
INSERT INTO user_login VALUES ('962', '1', '127.0.0.1', '2014-03-05 10:06:45');
INSERT INTO user_login VALUES ('963', '1', '127.0.0.1', '2014-03-05 10:07:09');
INSERT INTO user_login VALUES ('964', '1', '127.0.0.1', '2014-03-05 10:07:56');
INSERT INTO user_login VALUES ('965', '1', '127.0.0.1', '2014-03-05 11:06:19');
INSERT INTO user_login VALUES ('966', '1', '127.0.0.1', '2014-03-05 11:06:52');
INSERT INTO user_login VALUES ('967', '1', '127.0.0.1', '2014-03-05 11:08:03');
INSERT INTO user_login VALUES ('968', '1', '127.0.0.1', '2014-03-05 11:11:14');
INSERT INTO user_login VALUES ('969', '1', '127.0.0.1', '2014-03-05 11:12:15');
INSERT INTO user_login VALUES ('970', '1', '127.0.0.1', '2014-03-05 12:22:12');
INSERT INTO user_login VALUES ('971', '1', '127.0.0.1', '2014-03-05 12:24:19');
INSERT INTO user_login VALUES ('972', '1', '127.0.0.1', '2014-03-05 12:24:51');
INSERT INTO user_login VALUES ('973', '1', '127.0.0.1', '2014-03-05 12:25:27');
INSERT INTO user_login VALUES ('974', '1', '127.0.0.1', '2014-03-05 12:26:17');
INSERT INTO user_login VALUES ('975', '1', '127.0.0.1', '2014-03-05 12:29:10');
INSERT INTO user_login VALUES ('976', '1', '127.0.0.1', '2014-03-05 12:31:14');
INSERT INTO user_login VALUES ('977', '1', '127.0.0.1', '2014-03-05 12:36:45');
INSERT INTO user_login VALUES ('978', '1', '127.0.0.1', '2014-03-05 12:41:48');
INSERT INTO user_login VALUES ('979', '1', '127.0.0.1', '2014-03-05 12:46:56');
INSERT INTO user_login VALUES ('980', '1', '127.0.0.1', '2014-03-05 12:47:08');
INSERT INTO user_login VALUES ('981', '1', '127.0.0.1', '2014-03-05 12:47:25');
INSERT INTO user_login VALUES ('982', '1', '127.0.0.1', '2014-03-05 12:48:09');
INSERT INTO user_login VALUES ('983', '1', '127.0.0.1', '2014-03-05 12:51:18');
INSERT INTO user_login VALUES ('984', '1', '127.0.0.1', '2014-03-05 12:51:59');
INSERT INTO user_login VALUES ('985', '1', '127.0.0.1', '2014-03-05 12:52:23');
INSERT INTO user_login VALUES ('986', '1', '127.0.0.1', '2014-03-05 12:54:03');
INSERT INTO user_login VALUES ('987', '16', '127.0.0.1', '2014-03-05 12:54:57');
INSERT INTO user_login VALUES ('988', '1', '127.0.0.1', '2014-03-05 12:55:45');
INSERT INTO user_login VALUES ('989', '1', '127.0.0.1', '2014-03-05 13:02:35');
INSERT INTO user_login VALUES ('990', '1', '127.0.0.1', '2014-03-05 13:05:17');
INSERT INTO user_login VALUES ('991', '1', '127.0.0.1', '2014-03-05 13:10:06');
INSERT INTO user_login VALUES ('992', '1', '127.0.0.1', '2014-03-05 13:10:09');
INSERT INTO user_login VALUES ('993', '1', '127.0.0.1', '2014-03-05 13:17:50');
INSERT INTO user_login VALUES ('994', '1', '127.0.0.1', '2014-03-05 13:26:04');
INSERT INTO user_login VALUES ('995', '1', '127.0.0.1', '2014-03-05 13:26:09');
INSERT INTO user_login VALUES ('996', '1', '127.0.0.1', '2014-03-05 13:27:20');
INSERT INTO user_login VALUES ('997', '1', '127.0.0.1', '2014-03-05 13:28:01');
INSERT INTO user_login VALUES ('998', '1', '127.0.0.1', '2014-03-05 13:32:42');
INSERT INTO user_login VALUES ('999', '16', '127.0.0.1', '2014-03-05 13:46:33');
INSERT INTO user_login VALUES ('1000', '16', '127.0.0.1', '2014-03-05 14:17:40');
INSERT INTO user_login VALUES ('1001', '16', '127.0.0.1', '2014-03-05 14:19:17');
INSERT INTO user_login VALUES ('1002', '16', '127.0.0.1', '2014-03-05 14:20:13');
INSERT INTO user_login VALUES ('1003', '16', '127.0.0.1', '2014-03-05 14:20:44');
INSERT INTO user_login VALUES ('1004', '16', '127.0.0.1', '2014-03-05 14:21:00');
INSERT INTO user_login VALUES ('1005', '16', '127.0.0.1', '2014-03-05 14:21:56');
INSERT INTO user_login VALUES ('1006', '16', '127.0.0.1', '2014-03-05 14:22:01');
INSERT INTO user_login VALUES ('1007', '1', '127.0.0.1', '2014-03-05 14:22:15');
INSERT INTO user_login VALUES ('1008', '16', '127.0.0.1', '2014-03-05 14:30:10');
INSERT INTO user_login VALUES ('1009', '1', '127.0.0.1', '2014-03-05 14:30:17');
INSERT INTO user_login VALUES ('1010', '1', '127.0.0.1', '2014-03-05 14:31:53');
INSERT INTO user_login VALUES ('1011', '1', '127.0.0.1', '2014-03-05 14:33:35');
INSERT INTO user_login VALUES ('1012', '1', '127.0.0.1', '2014-03-05 14:35:22');
INSERT INTO user_login VALUES ('1013', '1', '127.0.0.1', '2014-03-05 14:35:40');
INSERT INTO user_login VALUES ('1014', '16', '127.0.0.1', '2014-03-05 14:36:06');
INSERT INTO user_login VALUES ('1015', '1', '127.0.0.1', '2014-03-05 14:42:16');
INSERT INTO user_login VALUES ('1016', '1', '127.0.0.1', '2014-03-05 14:43:04');
INSERT INTO user_login VALUES ('1017', '1', '127.0.0.1', '2014-03-05 14:52:15');
INSERT INTO user_login VALUES ('1018', '1', '127.0.0.1', '2014-03-05 14:56:41');
INSERT INTO user_login VALUES ('1019', '1', '127.0.0.1', '2014-03-05 14:57:59');
INSERT INTO user_login VALUES ('1020', '1', '127.0.0.1', '2014-03-05 15:04:25');
INSERT INTO user_login VALUES ('1021', '1', '127.0.0.1', '2014-03-05 15:12:38');
INSERT INTO user_login VALUES ('1022', '1', '127.0.0.1', '2014-03-05 15:31:10');
INSERT INTO user_login VALUES ('1023', '1', '127.0.0.1', '2014-03-05 16:04:57');
INSERT INTO user_login VALUES ('1024', '1', '127.0.0.1', '2014-03-05 16:16:56');
INSERT INTO user_login VALUES ('1025', '1', '127.0.0.1', '2014-03-05 16:18:50');
INSERT INTO user_login VALUES ('1026', '1', '127.0.0.1', '2014-03-05 16:24:22');
INSERT INTO user_login VALUES ('1027', '1', '127.0.0.1', '2014-03-05 16:24:35');
INSERT INTO user_login VALUES ('1028', '1', '127.0.0.1', '2014-03-05 16:36:53');
INSERT INTO user_login VALUES ('1029', '1', '127.0.0.1', '2014-03-05 16:40:47');
INSERT INTO user_login VALUES ('1030', '1', '127.0.0.1', '2014-03-05 16:45:45');
INSERT INTO user_login VALUES ('1031', '1', '127.0.0.1', '2014-03-05 16:48:42');
INSERT INTO user_login VALUES ('1032', '1', '127.0.0.1', '2014-03-05 16:53:04');
INSERT INTO user_login VALUES ('1033', '1', '127.0.0.1', '2014-03-05 16:55:13');
INSERT INTO user_login VALUES ('1034', '1', '127.0.0.1', '2014-03-05 17:00:52');
INSERT INTO user_login VALUES ('1035', '1', '127.0.0.1', '2014-03-05 17:06:11');
INSERT INTO user_login VALUES ('1036', '1', '127.0.0.1', '2014-03-05 17:12:18');
INSERT INTO user_login VALUES ('1037', '1', '127.0.0.1', '2014-03-05 17:16:27');
INSERT INTO user_login VALUES ('1038', '1', '127.0.0.1', '2014-03-05 17:17:56');
INSERT INTO user_login VALUES ('1039', '1', '127.0.0.1', '2014-03-05 17:28:53');
INSERT INTO user_login VALUES ('1040', '1', '127.0.0.1', '2014-03-05 17:32:13');
INSERT INTO user_login VALUES ('1041', '1', '127.0.0.1', '2014-03-05 17:35:19');
INSERT INTO user_login VALUES ('1042', '1', '127.0.0.1', '2014-03-05 17:38:52');
INSERT INTO user_login VALUES ('1043', '1', '127.0.0.1', '2014-03-05 17:47:24');
INSERT INTO user_login VALUES ('1044', '1', '127.0.0.1', '2014-03-05 17:51:01');
INSERT INTO user_login VALUES ('1045', '1', '127.0.0.1', '2014-03-05 17:55:42');
INSERT INTO user_login VALUES ('1046', '1', '127.0.0.1', '2014-03-05 18:00:15');
INSERT INTO user_login VALUES ('1047', '1', '127.0.0.1', '2014-03-05 18:13:19');
INSERT INTO user_login VALUES ('1048', '1', '127.0.0.1', '2014-03-05 18:19:09');
INSERT INTO user_login VALUES ('1049', '1', '127.0.0.1', '2014-03-05 18:20:23');
INSERT INTO user_login VALUES ('1050', '1', '127.0.0.1', '2014-03-05 18:30:05');
INSERT INTO user_login VALUES ('1051', '1', '127.0.0.1', '2014-03-05 18:38:03');
INSERT INTO user_login VALUES ('1052', '1', '127.0.0.1', '2014-03-05 18:39:43');
INSERT INTO user_login VALUES ('1053', '1', '127.0.0.1', '2014-03-05 18:50:35');
INSERT INTO user_login VALUES ('1054', '1', '127.0.0.1', '2014-03-05 19:04:15');
INSERT INTO user_login VALUES ('1055', '1', '127.0.0.1', '2014-03-05 19:07:55');
INSERT INTO user_login VALUES ('1056', '1', '127.0.0.1', '2014-03-05 19:11:49');
INSERT INTO user_login VALUES ('1057', '1', '127.0.0.1', '2014-03-05 19:18:23');
INSERT INTO user_login VALUES ('1058', '1', '127.0.0.1', '2014-03-05 19:22:42');
INSERT INTO user_login VALUES ('1059', '1', '127.0.0.1', '2014-03-05 19:23:08');
INSERT INTO user_login VALUES ('1060', '1', '127.0.0.1', '2014-03-06 09:57:37');
INSERT INTO user_login VALUES ('1061', '1', '127.0.0.1', '2014-03-06 10:02:21');
INSERT INTO user_login VALUES ('1062', '1', '127.0.0.1', '2014-03-06 10:04:30');
INSERT INTO user_login VALUES ('1063', '1', '127.0.0.1', '2014-03-06 10:07:43');
INSERT INTO user_login VALUES ('1064', '1', '127.0.0.1', '2014-03-06 10:08:39');
INSERT INTO user_login VALUES ('1065', '1', '127.0.0.1', '2014-03-06 10:10:46');
INSERT INTO user_login VALUES ('1066', '1', '127.0.0.1', '2014-03-06 10:31:57');
INSERT INTO user_login VALUES ('1067', '1', '127.0.0.1', '2014-03-06 10:33:09');
INSERT INTO user_login VALUES ('1068', '1', '127.0.0.1', '2014-03-06 10:36:34');
INSERT INTO user_login VALUES ('1069', '1', '127.0.0.1', '2014-03-06 10:37:43');
INSERT INTO user_login VALUES ('1070', '1', '127.0.0.1', '2014-03-06 10:39:50');
INSERT INTO user_login VALUES ('1071', '1', '127.0.0.1', '2014-03-06 10:41:33');
INSERT INTO user_login VALUES ('1072', '1', '127.0.0.1', '2014-03-06 10:43:42');
INSERT INTO user_login VALUES ('1073', '1', '127.0.0.1', '2014-03-06 10:57:47');
INSERT INTO user_login VALUES ('1074', '1', '127.0.0.1', '2014-03-06 11:00:54');
INSERT INTO user_login VALUES ('1075', '1', '127.0.0.1', '2014-03-06 11:03:42');
INSERT INTO user_login VALUES ('1076', '1', '127.0.0.1', '2014-03-06 12:18:43');
INSERT INTO user_login VALUES ('1077', '1', '127.0.0.1', '2014-03-06 12:23:22');
INSERT INTO user_login VALUES ('1078', '1', '127.0.0.1', '2014-03-06 12:44:58');
INSERT INTO user_login VALUES ('1079', '1', '127.0.0.1', '2014-03-06 12:45:29');
INSERT INTO user_login VALUES ('1080', '1', '127.0.0.1', '2014-03-06 12:54:50');
INSERT INTO user_login VALUES ('1081', '1', '127.0.0.1', '2014-03-06 13:36:48');
INSERT INTO user_login VALUES ('1082', '1', '127.0.0.1', '2014-03-06 13:37:18');
INSERT INTO user_login VALUES ('1083', '1', '127.0.0.1', '2014-03-06 13:48:24');
INSERT INTO user_login VALUES ('1084', '1', '127.0.0.1', '2014-03-06 14:05:05');
INSERT INTO user_login VALUES ('1085', '1', '127.0.0.1', '2014-03-06 14:05:43');
INSERT INTO user_login VALUES ('1086', '1', '127.0.0.1', '2014-03-06 16:30:06');
INSERT INTO user_login VALUES ('1087', '1', '127.0.0.1', '2014-03-07 10:46:19');
INSERT INTO user_login VALUES ('1088', '1', '127.0.0.1', '2014-03-07 10:53:39');
INSERT INTO user_login VALUES ('1089', '1', '127.0.0.1', '2014-03-07 11:35:48');
INSERT INTO user_login VALUES ('1090', '1', '127.0.0.1', '2014-03-07 11:41:34');
INSERT INTO user_login VALUES ('1091', '1', '127.0.0.1', '2014-03-07 11:43:19');
INSERT INTO user_login VALUES ('1092', '1', '127.0.0.1', '2014-03-07 11:44:06');
INSERT INTO user_login VALUES ('1093', '1', '127.0.0.1', '2014-03-07 11:44:43');
INSERT INTO user_login VALUES ('1094', '1', '127.0.0.1', '2014-03-07 18:28:01');
INSERT INTO user_login VALUES ('1095', '1', '127.0.0.1', '2014-03-07 18:32:13');
INSERT INTO user_login VALUES ('1096', '1', '127.0.0.1', '2014-03-07 19:10:50');
INSERT INTO user_login VALUES ('1097', '1', '127.0.0.1', '2014-03-07 19:14:50');
INSERT INTO user_login VALUES ('1098', '1', '127.0.0.1', '2014-03-07 19:18:47');
INSERT INTO user_login VALUES ('1099', '1', '127.0.0.1', '2014-03-10 08:56:06');
INSERT INTO user_login VALUES ('1100', '1', '127.0.0.1', '2014-03-10 09:00:47');
INSERT INTO user_login VALUES ('1101', '1', '127.0.0.1', '2014-03-10 09:01:21');
INSERT INTO user_login VALUES ('1102', '1', '127.0.0.1', '2014-03-11 13:33:50');
INSERT INTO user_login VALUES ('1103', '1', '127.0.0.1', '2014-03-11 13:34:39');
INSERT INTO user_login VALUES ('1104', '1', '127.0.0.1', '2014-03-11 14:59:09');
INSERT INTO user_login VALUES ('1105', '1', '127.0.0.1', '2014-03-11 15:01:11');
INSERT INTO user_login VALUES ('1106', '1', '127.0.0.1', '2014-03-11 15:01:25');
INSERT INTO user_login VALUES ('1107', '1', '127.0.0.1', '2014-03-11 15:12:58');
INSERT INTO user_login VALUES ('1108', '1', '127.0.0.1', '2014-03-11 15:24:22');
INSERT INTO user_login VALUES ('1109', '1', '127.0.0.1', '2014-03-11 15:29:50');
INSERT INTO user_login VALUES ('1110', '1', '127.0.0.1', '2014-03-11 15:32:16');
INSERT INTO user_login VALUES ('1111', '1', '127.0.0.1', '2014-03-11 15:33:58');
INSERT INTO user_login VALUES ('1112', '1', '127.0.0.1', '2014-03-11 15:35:37');
INSERT INTO user_login VALUES ('1113', '1', '127.0.0.1', '2014-03-11 15:40:23');
INSERT INTO user_login VALUES ('1114', '1', '127.0.0.1', '2014-03-11 15:41:31');
INSERT INTO user_login VALUES ('1115', '1', '127.0.0.1', '2014-03-11 15:43:21');
INSERT INTO user_login VALUES ('1116', '1', '127.0.0.1', '2014-03-11 15:44:32');
INSERT INTO user_login VALUES ('1117', '1', '127.0.0.1', '2014-03-11 15:49:19');
INSERT INTO user_login VALUES ('1118', '1', '127.0.0.1', '2014-03-11 15:53:53');
INSERT INTO user_login VALUES ('1119', '1', '127.0.0.1', '2014-03-11 15:56:26');
INSERT INTO user_login VALUES ('1120', '1', '127.0.0.1', '2014-03-11 16:08:15');
INSERT INTO user_login VALUES ('1121', '1', '127.0.0.1', '2014-03-11 16:09:15');
INSERT INTO user_login VALUES ('1122', '1', '127.0.0.1', '2014-03-11 16:16:36');
INSERT INTO user_login VALUES ('1123', '1', '127.0.0.1', '2014-03-11 16:19:55');
INSERT INTO user_login VALUES ('1124', '1', '127.0.0.1', '2014-03-11 16:46:36');
INSERT INTO user_login VALUES ('1125', '1', '127.0.0.1', '2014-03-11 16:50:10');
INSERT INTO user_login VALUES ('1126', '1', '127.0.0.1', '2014-03-12 11:11:23');
INSERT INTO user_login VALUES ('1127', '1', '127.0.0.1', '2014-03-12 11:39:34');
INSERT INTO user_login VALUES ('1128', '1', '127.0.0.1', '2014-03-12 11:41:41');
INSERT INTO user_login VALUES ('1129', '1', '127.0.0.1', '2014-03-12 12:04:24');
INSERT INTO user_login VALUES ('1130', '1', '127.0.0.1', '2014-03-12 12:12:25');
INSERT INTO user_login VALUES ('1131', '1', '127.0.0.1', '2014-03-12 12:37:38');
INSERT INTO user_login VALUES ('1132', '1', '127.0.0.1', '2014-03-12 12:39:47');
INSERT INTO user_login VALUES ('1133', '1', '127.0.0.1', '2014-03-12 12:46:52');
INSERT INTO user_login VALUES ('1134', '1', '127.0.0.1', '2014-03-12 12:47:34');
INSERT INTO user_login VALUES ('1135', '1', '127.0.0.1', '2014-03-12 12:51:25');
INSERT INTO user_login VALUES ('1136', '1', '127.0.0.1', '2014-03-12 13:19:42');
INSERT INTO user_login VALUES ('1137', '1', '127.0.0.1', '2014-03-12 13:36:09');
INSERT INTO user_login VALUES ('1138', '1', '127.0.0.1', '2014-03-12 15:01:50');
INSERT INTO user_login VALUES ('1139', '1', '127.0.0.1', '2014-03-12 15:53:48');
INSERT INTO user_login VALUES ('1140', '1', '127.0.0.1', '2014-03-12 16:09:23');
INSERT INTO user_login VALUES ('1141', '1', '127.0.0.1', '2014-03-12 16:15:06');
INSERT INTO user_login VALUES ('1142', '1', '127.0.0.1', '2014-03-12 16:17:34');
INSERT INTO user_login VALUES ('1143', '1', '127.0.0.1', '2014-03-12 16:19:51');
INSERT INTO user_login VALUES ('1144', '1', '127.0.0.1', '2014-03-12 16:38:41');
INSERT INTO user_login VALUES ('1145', '1', '127.0.0.1', '2014-03-12 16:39:24');
INSERT INTO user_login VALUES ('1146', '1', '127.0.0.1', '2014-03-12 16:40:39');
INSERT INTO user_login VALUES ('1147', '1', '127.0.0.1', '2014-03-12 17:11:06');
INSERT INTO user_login VALUES ('1148', '1', '127.0.0.1', '2014-03-12 17:19:00');
INSERT INTO user_login VALUES ('1149', '1', '127.0.0.1', '2014-03-12 17:21:36');
INSERT INTO user_login VALUES ('1150', '1', '127.0.0.1', '2014-03-12 17:21:56');
INSERT INTO user_login VALUES ('1151', '1', '127.0.0.1', '2014-03-12 17:53:23');
INSERT INTO user_login VALUES ('1152', '1', '127.0.0.1', '2014-03-12 17:57:37');
INSERT INTO user_login VALUES ('1153', '1', '127.0.0.1', '2014-03-12 17:58:58');
INSERT INTO user_login VALUES ('1154', '1', '127.0.0.1', '2014-03-12 18:00:14');
INSERT INTO user_login VALUES ('1155', '1', '127.0.0.1', '2014-03-12 18:05:54');
INSERT INTO user_login VALUES ('1156', '1', '127.0.0.1', '2014-03-12 18:06:49');
INSERT INTO user_login VALUES ('1157', '1', '127.0.0.1', '2014-03-12 18:07:22');
INSERT INTO user_login VALUES ('1158', '1', '127.0.0.1', '2014-03-12 18:11:40');
INSERT INTO user_login VALUES ('1159', '1', '127.0.0.1', '2014-03-12 18:13:04');
INSERT INTO user_login VALUES ('1160', '1', '127.0.0.1', '2014-03-12 18:16:16');
INSERT INTO user_login VALUES ('1161', '1', '127.0.0.1', '2014-03-12 18:27:20');
INSERT INTO user_login VALUES ('1162', '1', '127.0.0.1', '2014-03-12 18:29:14');
INSERT INTO user_login VALUES ('1163', '1', '127.0.0.1', '2014-03-12 18:30:07');
INSERT INTO user_login VALUES ('1164', '1', '127.0.0.1', '2014-03-12 18:31:48');
INSERT INTO user_login VALUES ('1165', '1', '127.0.0.1', '2014-03-12 18:33:10');
INSERT INTO user_login VALUES ('1166', '1', '127.0.0.1', '2014-03-12 18:34:16');
INSERT INTO user_login VALUES ('1167', '1', '127.0.0.1', '2014-03-12 18:37:18');
INSERT INTO user_login VALUES ('1168', '1', '127.0.0.1', '2014-03-12 18:42:34');
INSERT INTO user_login VALUES ('1169', '1', '127.0.0.1', '2014-03-12 18:43:57');
INSERT INTO user_login VALUES ('1170', '1', '127.0.0.1', '2014-03-12 18:44:50');
INSERT INTO user_login VALUES ('1171', '1', '127.0.0.1', '2014-03-12 18:45:34');
INSERT INTO user_login VALUES ('1172', '1', '127.0.0.1', '2014-03-12 18:47:24');
INSERT INTO user_login VALUES ('1173', '1', '127.0.0.1', '2014-03-12 18:47:51');
INSERT INTO user_login VALUES ('1174', '1', '127.0.0.1', '2014-03-12 18:48:59');
INSERT INTO user_login VALUES ('1175', '1', '127.0.0.1', '2014-03-12 18:53:07');
INSERT INTO user_login VALUES ('1176', '1', '127.0.0.1', '2014-03-12 18:54:05');
INSERT INTO user_login VALUES ('1177', '1', '127.0.0.1', '2014-03-12 18:55:29');
INSERT INTO user_login VALUES ('1178', '1', '127.0.0.1', '2014-03-13 09:34:46');
INSERT INTO user_login VALUES ('1179', '1', '127.0.0.1', '2014-03-13 10:51:47');
INSERT INTO user_login VALUES ('1180', '1', '127.0.0.1', '2014-03-13 11:02:29');
INSERT INTO user_login VALUES ('1181', '1', '127.0.0.1', '2014-03-13 11:08:06');
INSERT INTO user_login VALUES ('1182', '1', '127.0.0.1', '2014-03-13 11:12:01');
INSERT INTO user_login VALUES ('1183', '1', '127.0.0.1', '2014-03-13 11:14:55');
INSERT INTO user_login VALUES ('1184', '1', '127.0.0.1', '2014-03-13 11:58:21');
INSERT INTO user_login VALUES ('1185', '1', '127.0.0.1', '2014-03-13 12:35:24');
INSERT INTO user_login VALUES ('1186', '1', '127.0.0.1', '2014-03-13 12:38:52');
INSERT INTO user_login VALUES ('1187', '1', '127.0.0.1', '2014-03-13 12:42:47');
INSERT INTO user_login VALUES ('1188', '1', '127.0.0.1', '2014-03-13 12:44:21');
INSERT INTO user_login VALUES ('1189', '1', '127.0.0.1', '2014-03-13 12:45:16');
INSERT INTO user_login VALUES ('1190', '1', '127.0.0.1', '2014-03-13 12:47:13');
INSERT INTO user_login VALUES ('1191', '1', '127.0.0.1', '2014-03-13 12:50:01');
INSERT INTO user_login VALUES ('1192', '1', '127.0.0.1', '2014-03-13 12:55:12');
INSERT INTO user_login VALUES ('1193', '1', '127.0.0.1', '2014-03-13 12:56:20');
INSERT INTO user_login VALUES ('1194', '1', '127.0.0.1', '2014-03-13 12:58:08');
INSERT INTO user_login VALUES ('1195', '1', '127.0.0.1', '2014-03-13 13:00:09');
INSERT INTO user_login VALUES ('1196', '1', '127.0.0.1', '2014-03-13 13:03:53');
INSERT INTO user_login VALUES ('1197', '1', '127.0.0.1', '2014-03-13 13:04:33');
INSERT INTO user_login VALUES ('1198', '1', '127.0.0.1', '2014-03-13 13:05:56');
INSERT INTO user_login VALUES ('1199', '1', '127.0.0.1', '2014-03-13 13:08:50');
INSERT INTO user_login VALUES ('1200', '1', '127.0.0.1', '2014-03-13 13:09:44');
INSERT INTO user_login VALUES ('1201', '1', '127.0.0.1', '2014-03-13 13:10:47');
INSERT INTO user_login VALUES ('1202', '1', '127.0.0.1', '2014-03-13 13:11:58');
INSERT INTO user_login VALUES ('1203', '1', '127.0.0.1', '2014-03-13 13:13:43');
INSERT INTO user_login VALUES ('1204', '1', '127.0.0.1', '2014-03-13 13:15:20');
INSERT INTO user_login VALUES ('1205', '1', '127.0.0.1', '2014-03-13 13:21:39');
INSERT INTO user_login VALUES ('1206', '1', '127.0.0.1', '2014-03-13 13:24:35');
INSERT INTO user_login VALUES ('1207', '1', '127.0.0.1', '2014-03-13 13:25:50');
INSERT INTO user_login VALUES ('1208', '1', '127.0.0.1', '2014-03-13 13:27:13');
INSERT INTO user_login VALUES ('1209', '1', '127.0.0.1', '2014-03-13 13:30:16');
INSERT INTO user_login VALUES ('1210', '1', '127.0.0.1', '2014-03-13 13:33:52');
INSERT INTO user_login VALUES ('1211', '1', '127.0.0.1', '2014-03-13 13:33:55');
INSERT INTO user_login VALUES ('1212', '1', '127.0.0.1', '2014-03-13 13:40:46');
INSERT INTO user_login VALUES ('1213', '1', '127.0.0.1', '2014-03-13 13:42:34');
INSERT INTO user_login VALUES ('1214', '1', '127.0.0.1', '2014-03-13 13:44:42');
INSERT INTO user_login VALUES ('1215', '1', '127.0.0.1', '2014-03-13 13:44:52');
INSERT INTO user_login VALUES ('1216', '1', '127.0.0.1', '2014-03-13 14:30:35');
INSERT INTO user_login VALUES ('1217', '1', '127.0.0.1', '2014-03-13 14:54:11');
INSERT INTO user_login VALUES ('1218', '1', '127.0.0.1', '2014-03-13 14:55:05');
INSERT INTO user_login VALUES ('1219', '1', '127.0.0.1', '2014-03-13 14:55:57');
INSERT INTO user_login VALUES ('1220', '1', '127.0.0.1', '2014-03-13 14:56:38');
INSERT INTO user_login VALUES ('1221', '1', '127.0.0.1', '2014-03-13 14:57:12');
INSERT INTO user_login VALUES ('1222', '1', '127.0.0.1', '2014-03-13 14:59:20');
INSERT INTO user_login VALUES ('1223', '1', '127.0.0.1', '2014-03-13 15:00:17');
INSERT INTO user_login VALUES ('1224', '1', '127.0.0.1', '2014-03-13 15:05:51');
INSERT INTO user_login VALUES ('1225', '1', '127.0.0.1', '2014-03-13 15:10:41');
INSERT INTO user_login VALUES ('1226', '1', '127.0.0.1', '2014-03-13 15:12:05');
INSERT INTO user_login VALUES ('1227', '1', '127.0.0.1', '2014-03-13 15:15:47');
INSERT INTO user_login VALUES ('1228', '1', '127.0.0.1', '2014-03-13 15:16:29');
INSERT INTO user_login VALUES ('1229', '1', '127.0.0.1', '2014-03-13 15:22:18');
INSERT INTO user_login VALUES ('1230', '1', '127.0.0.1', '2014-03-13 15:24:17');
INSERT INTO user_login VALUES ('1231', '1', '127.0.0.1', '2014-03-13 15:24:21');
INSERT INTO user_login VALUES ('1232', '1', '127.0.0.1', '2014-03-13 15:28:06');
INSERT INTO user_login VALUES ('1233', '1', '127.0.0.1', '2014-03-13 15:29:13');
INSERT INTO user_login VALUES ('1234', '1', '127.0.0.1', '2014-03-13 15:29:18');
INSERT INTO user_login VALUES ('1235', '1', '127.0.0.1', '2014-03-13 15:31:11');
INSERT INTO user_login VALUES ('1236', '1', '127.0.0.1', '2014-03-13 15:32:45');
INSERT INTO user_login VALUES ('1237', '1', '127.0.0.1', '2014-03-13 15:32:54');
INSERT INTO user_login VALUES ('1238', '1', '127.0.0.1', '2014-03-13 15:34:29');
INSERT INTO user_login VALUES ('1239', '1', '127.0.0.1', '2014-03-13 15:37:01');
INSERT INTO user_login VALUES ('1240', '1', '127.0.0.1', '2014-03-13 15:37:05');
INSERT INTO user_login VALUES ('1241', '1', '127.0.0.1', '2014-03-13 15:37:09');
INSERT INTO user_login VALUES ('1242', '1', '127.0.0.1', '2014-03-13 15:37:12');
INSERT INTO user_login VALUES ('1243', '1', '127.0.0.1', '2014-03-13 15:38:26');
INSERT INTO user_login VALUES ('1244', '1', '127.0.0.1', '2014-03-13 15:38:42');
INSERT INTO user_login VALUES ('1245', '1', '127.0.0.1', '2014-03-13 15:38:52');
INSERT INTO user_login VALUES ('1246', '1', '127.0.0.1', '2014-03-13 15:38:57');
INSERT INTO user_login VALUES ('1247', '1', '127.0.0.1', '2014-03-13 15:39:10');
INSERT INTO user_login VALUES ('1248', '1', '127.0.0.1', '2014-03-13 15:39:40');
INSERT INTO user_login VALUES ('1249', '1', '127.0.0.1', '2014-03-13 15:53:20');
INSERT INTO user_login VALUES ('1250', '1', '127.0.0.1', '2014-03-13 15:56:05');
INSERT INTO user_login VALUES ('1251', '1', '127.0.0.1', '2014-03-13 16:04:30');
INSERT INTO user_login VALUES ('1252', '1', '127.0.0.1', '2014-03-13 16:17:27');
INSERT INTO user_login VALUES ('1253', '1', '127.0.0.1', '2014-03-13 16:18:14');
INSERT INTO user_login VALUES ('1254', '1', '127.0.0.1', '2014-03-13 16:20:16');
INSERT INTO user_login VALUES ('1255', '1', '127.0.0.1', '2014-03-13 16:21:10');
INSERT INTO user_login VALUES ('1256', '1', '127.0.0.1', '2014-03-13 16:21:23');
INSERT INTO user_login VALUES ('1257', '1', '127.0.0.1', '2014-03-13 16:21:33');
INSERT INTO user_login VALUES ('1258', '1', '127.0.0.1', '2014-03-13 16:21:52');
INSERT INTO user_login VALUES ('1259', '1', '127.0.0.1', '2014-03-13 16:24:56');
INSERT INTO user_login VALUES ('1260', '1', '127.0.0.1', '2014-03-13 16:27:58');
INSERT INTO user_login VALUES ('1261', '1', '127.0.0.1', '2014-03-13 16:28:28');
INSERT INTO user_login VALUES ('1262', '1', '127.0.0.1', '2014-03-13 16:31:00');
INSERT INTO user_login VALUES ('1263', '1', '127.0.0.1', '2014-03-13 16:31:56');
INSERT INTO user_login VALUES ('1264', '1', '127.0.0.1', '2014-03-13 16:32:32');
INSERT INTO user_login VALUES ('1265', '1', '127.0.0.1', '2014-03-13 16:38:20');
INSERT INTO user_login VALUES ('1266', '1', '127.0.0.1', '2014-03-13 16:42:20');
INSERT INTO user_login VALUES ('1267', '1', '127.0.0.1', '2014-03-13 16:58:34');
INSERT INTO user_login VALUES ('1268', '1', '127.0.0.1', '2014-03-13 17:08:41');
INSERT INTO user_login VALUES ('1269', '1', '127.0.0.1', '2014-03-13 17:12:43');
INSERT INTO user_login VALUES ('1270', '1', '127.0.0.1', '2014-03-13 17:14:24');
INSERT INTO user_login VALUES ('1271', '1', '127.0.0.1', '2014-03-13 17:46:18');
INSERT INTO user_login VALUES ('1272', '1', '127.0.0.1', '2014-03-13 17:48:22');
INSERT INTO user_login VALUES ('1273', '1', '127.0.0.1', '2014-03-13 17:48:51');
INSERT INTO user_login VALUES ('1274', '1', '127.0.0.1', '2014-03-13 17:50:13');
INSERT INTO user_login VALUES ('1275', '1', '127.0.0.1', '2014-03-13 17:53:45');
INSERT INTO user_login VALUES ('1276', '1', '127.0.0.1', '2014-03-13 17:54:39');
INSERT INTO user_login VALUES ('1277', '1', '127.0.0.1', '2014-03-13 17:57:14');
INSERT INTO user_login VALUES ('1278', '1', '127.0.0.1', '2014-03-13 17:59:11');
INSERT INTO user_login VALUES ('1279', '1', '127.0.0.1', '2014-03-13 17:59:45');
INSERT INTO user_login VALUES ('1280', '1', '127.0.0.1', '2014-03-13 18:01:29');
INSERT INTO user_login VALUES ('1281', '1', '127.0.0.1', '2014-03-13 18:01:44');
INSERT INTO user_login VALUES ('1282', '1', '127.0.0.1', '2014-03-13 18:06:07');
INSERT INTO user_login VALUES ('1283', '1', '127.0.0.1', '2014-03-13 18:07:02');
INSERT INTO user_login VALUES ('1284', '1', '127.0.0.1', '2014-03-13 18:10:35');
INSERT INTO user_login VALUES ('1285', '1', '127.0.0.1', '2014-03-13 18:18:48');
INSERT INTO user_login VALUES ('1286', '1', '127.0.0.1', '2014-03-13 18:19:32');
INSERT INTO user_login VALUES ('1287', '1', '127.0.0.1', '2014-03-13 18:19:36');
INSERT INTO user_login VALUES ('1288', '1', '127.0.0.1', '2014-03-13 18:23:00');
INSERT INTO user_login VALUES ('1289', '1', '127.0.0.1', '2014-03-13 18:24:26');
INSERT INTO user_login VALUES ('1290', '1', '127.0.0.1', '2014-03-13 18:26:20');
INSERT INTO user_login VALUES ('1291', '1', '127.0.0.1', '2014-03-13 18:27:46');
INSERT INTO user_login VALUES ('1292', '1', '127.0.0.1', '2014-03-13 18:29:04');
INSERT INTO user_login VALUES ('1293', '1', '127.0.0.1', '2014-03-13 18:33:38');
INSERT INTO user_login VALUES ('1294', '1', '127.0.0.1', '2014-03-13 18:49:50');
INSERT INTO user_login VALUES ('1295', '1', '127.0.0.1', '2014-03-13 19:18:26');
INSERT INTO user_login VALUES ('1296', '1', '127.0.0.1', '2014-03-13 19:20:02');
INSERT INTO user_login VALUES ('1297', '1', '127.0.0.1', '2014-03-13 19:32:48');
INSERT INTO user_login VALUES ('1298', '1', '127.0.0.1', '2014-03-14 09:04:24');
INSERT INTO user_login VALUES ('1299', '1', '127.0.0.1', '2014-03-14 09:08:59');
INSERT INTO user_login VALUES ('1300', '1', '127.0.0.1', '2014-03-14 09:35:24');
INSERT INTO user_login VALUES ('1301', '1', '127.0.0.1', '2014-03-14 09:36:32');
INSERT INTO user_login VALUES ('1302', '1', '127.0.0.1', '2014-03-14 09:37:41');
INSERT INTO user_login VALUES ('1303', '1', '127.0.0.1', '2014-03-14 09:37:49');
INSERT INTO user_login VALUES ('1304', '1', '127.0.0.1', '2014-03-14 09:39:32');
INSERT INTO user_login VALUES ('1305', '1', '127.0.0.1', '2014-03-14 09:42:31');
INSERT INTO user_login VALUES ('1306', '1', '127.0.0.1', '2014-03-14 09:45:07');
INSERT INTO user_login VALUES ('1307', '1', '127.0.0.1', '2014-03-14 09:46:15');
INSERT INTO user_login VALUES ('1308', '1', '127.0.0.1', '2014-03-14 09:47:54');
INSERT INTO user_login VALUES ('1309', '1', '127.0.0.1', '2014-03-14 09:48:12');
INSERT INTO user_login VALUES ('1310', '1', '127.0.0.1', '2014-03-14 09:48:26');
INSERT INTO user_login VALUES ('1311', '1', '127.0.0.1', '2014-03-14 09:51:10');
INSERT INTO user_login VALUES ('1312', '1', '127.0.0.1', '2014-03-14 09:51:48');
INSERT INTO user_login VALUES ('1313', '1', '127.0.0.1', '2014-03-14 09:53:22');
INSERT INTO user_login VALUES ('1314', '1', '127.0.0.1', '2014-03-14 10:00:10');
INSERT INTO user_login VALUES ('1315', '1', '127.0.0.1', '2014-03-14 10:02:00');
INSERT INTO user_login VALUES ('1316', '1', '127.0.0.1', '2014-03-14 10:07:28');
INSERT INTO user_login VALUES ('1317', '1', '127.0.0.1', '2014-03-14 10:08:44');
INSERT INTO user_login VALUES ('1318', '1', '127.0.0.1', '2014-03-14 10:19:21');
INSERT INTO user_login VALUES ('1319', '1', '127.0.0.1', '2014-03-14 10:22:14');
INSERT INTO user_login VALUES ('1320', '1', '127.0.0.1', '2014-03-14 10:25:12');
INSERT INTO user_login VALUES ('1321', '1', '127.0.0.1', '2014-03-14 10:29:22');
INSERT INTO user_login VALUES ('1322', '1', '127.0.0.1', '2014-03-14 10:43:04');
INSERT INTO user_login VALUES ('1323', '1', '127.0.0.1', '2014-03-14 10:46:53');
INSERT INTO user_login VALUES ('1324', '1', '127.0.0.1', '2014-03-14 11:01:07');
INSERT INTO user_login VALUES ('1325', '1', '127.0.0.1', '2014-03-14 11:02:19');
INSERT INTO user_login VALUES ('1326', '1', '127.0.0.1', '2014-03-14 11:06:56');
INSERT INTO user_login VALUES ('1327', '1', '127.0.0.1', '2014-03-17 13:17:09');
INSERT INTO user_login VALUES ('1328', '1', '127.0.0.1', '2014-03-17 13:48:07');
INSERT INTO user_login VALUES ('1329', '1', '127.0.0.1', '2014-03-17 14:05:08');
INSERT INTO user_login VALUES ('1330', '1', '127.0.0.1', '2014-03-17 14:07:04');
INSERT INTO user_login VALUES ('1331', '1', '127.0.0.1', '2014-03-17 14:07:54');
INSERT INTO user_login VALUES ('1332', '1', '127.0.0.1', '2014-03-17 14:08:01');
INSERT INTO user_login VALUES ('1333', '1', '127.0.0.1', '2014-03-17 14:08:03');
INSERT INTO user_login VALUES ('1334', '1', '127.0.0.1', '2014-03-17 14:11:57');
INSERT INTO user_login VALUES ('1335', '1', '127.0.0.1', '2014-03-17 14:12:03');
INSERT INTO user_login VALUES ('1336', '1', '127.0.0.1', '2014-03-17 14:13:17');
INSERT INTO user_login VALUES ('1337', '1', '127.0.0.1', '2014-03-17 14:13:44');
INSERT INTO user_login VALUES ('1338', '1', '127.0.0.1', '2014-03-17 14:14:24');
INSERT INTO user_login VALUES ('1339', '1', '127.0.0.1', '2014-03-17 14:15:02');
INSERT INTO user_login VALUES ('1340', '1', '127.0.0.1', '2014-03-17 14:15:44');
INSERT INTO user_login VALUES ('1341', '1', '127.0.0.1', '2014-03-17 14:16:44');
INSERT INTO user_login VALUES ('1342', '1', '127.0.0.1', '2014-03-17 14:18:21');
INSERT INTO user_login VALUES ('1343', '1', '127.0.0.1', '2014-03-17 14:19:15');
INSERT INTO user_login VALUES ('1344', '1', '127.0.0.1', '2014-03-17 14:22:52');
INSERT INTO user_login VALUES ('1345', '1', '127.0.0.1', '2014-03-17 14:34:27');
INSERT INTO user_login VALUES ('1346', '1', '127.0.0.1', '2014-03-17 14:34:41');
INSERT INTO user_login VALUES ('1347', '1', '127.0.0.1', '2014-03-17 14:41:08');
INSERT INTO user_login VALUES ('1348', '1', '127.0.0.1', '2014-03-17 14:50:27');
INSERT INTO user_login VALUES ('1349', '1', '127.0.0.1', '2014-03-17 14:51:03');
INSERT INTO user_login VALUES ('1350', '1', '127.0.0.1', '2014-03-17 14:51:10');
INSERT INTO user_login VALUES ('1351', '1', '127.0.0.1', '2014-03-17 14:54:18');
INSERT INTO user_login VALUES ('1352', '1', '127.0.0.1', '2014-03-17 15:05:52');
INSERT INTO user_login VALUES ('1353', '1', '127.0.0.1', '2014-03-17 15:08:54');
INSERT INTO user_login VALUES ('1354', '1', '127.0.0.1', '2014-03-17 15:14:56');
INSERT INTO user_login VALUES ('1355', '1', '127.0.0.1', '2014-03-17 15:41:37');
INSERT INTO user_login VALUES ('1356', '1', '127.0.0.1', '2014-03-17 15:46:25');
INSERT INTO user_login VALUES ('1357', '1', '127.0.0.1', '2014-03-17 15:58:17');
INSERT INTO user_login VALUES ('1358', '1', '127.0.0.1', '2014-03-17 15:59:10');
INSERT INTO user_login VALUES ('1359', '1', '127.0.0.1', '2014-03-17 15:59:59');
INSERT INTO user_login VALUES ('1360', '1', '127.0.0.1', '2014-03-17 16:01:49');
INSERT INTO user_login VALUES ('1361', '1', '127.0.0.1', '2014-03-17 16:02:14');
INSERT INTO user_login VALUES ('1362', '1', '127.0.0.1', '2014-03-17 16:05:32');
INSERT INTO user_login VALUES ('1363', '1', '127.0.0.1', '2014-03-17 16:06:17');
INSERT INTO user_login VALUES ('1364', '1', '127.0.0.1', '2014-03-17 17:06:08');
INSERT INTO user_login VALUES ('1365', '1', '127.0.0.1', '2014-03-17 17:08:40');
INSERT INTO user_login VALUES ('1366', '1', '127.0.0.1', '2014-03-17 17:10:01');
INSERT INTO user_login VALUES ('1367', '1', '127.0.0.1', '2014-03-17 17:15:21');
INSERT INTO user_login VALUES ('1368', '1', '127.0.0.1', '2014-03-17 17:17:02');
INSERT INTO user_login VALUES ('1369', '1', '127.0.0.1', '2014-03-17 17:25:49');
INSERT INTO user_login VALUES ('1370', '1', '127.0.0.1', '2014-03-17 17:45:57');
INSERT INTO user_login VALUES ('1371', '1', '127.0.0.1', '2014-03-17 17:51:05');
INSERT INTO user_login VALUES ('1372', '1', '127.0.0.1', '2014-03-17 17:52:53');
INSERT INTO user_login VALUES ('1373', '1', '127.0.0.1', '2014-03-17 17:54:42');
INSERT INTO user_login VALUES ('1374', '1', '127.0.0.1', '2014-03-17 17:56:10');
INSERT INTO user_login VALUES ('1375', '1', '127.0.0.1', '2014-03-17 17:56:58');
INSERT INTO user_login VALUES ('1376', '1', '127.0.0.1', '2014-03-17 18:03:48');
INSERT INTO user_login VALUES ('1377', '1', '127.0.0.1', '2014-03-17 18:09:26');
INSERT INTO user_login VALUES ('1378', '1', '127.0.0.1', '2014-03-17 18:16:24');
INSERT INTO user_login VALUES ('1379', '1', '127.0.0.1', '2014-03-17 18:17:20');
INSERT INTO user_login VALUES ('1380', '1', '127.0.0.1', '2014-03-18 16:04:09');
INSERT INTO user_login VALUES ('1381', '1', '127.0.0.1', '2014-03-18 16:42:35');
INSERT INTO user_login VALUES ('1382', '1', '127.0.0.1', '2014-03-18 16:46:42');
INSERT INTO user_login VALUES ('1383', '1', '127.0.0.1', '2014-03-18 16:48:28');
INSERT INTO user_login VALUES ('1384', '1', '127.0.0.1', '2014-03-18 16:59:12');
INSERT INTO user_login VALUES ('1385', '1', '127.0.0.1', '2014-03-18 17:04:23');
INSERT INTO user_login VALUES ('1386', '1', '127.0.0.1', '2014-03-18 17:10:16');
INSERT INTO user_login VALUES ('1387', '1', '127.0.0.1', '2014-03-18 17:12:31');
INSERT INTO user_login VALUES ('1388', '1', '127.0.0.1', '2014-03-18 17:40:00');
INSERT INTO user_login VALUES ('1389', '1', '127.0.0.1', '2014-03-18 17:47:11');
INSERT INTO user_login VALUES ('1390', '1', '127.0.0.1', '2014-03-18 17:47:16');
INSERT INTO user_login VALUES ('1391', '1', '127.0.0.1', '2014-03-18 17:48:26');
INSERT INTO user_login VALUES ('1392', '1', '127.0.0.1', '2014-03-18 17:48:50');
INSERT INTO user_login VALUES ('1393', '1', '127.0.0.1', '2014-03-18 17:51:20');
INSERT INTO user_login VALUES ('1394', '1', '127.0.0.1', '2014-03-18 17:56:50');
INSERT INTO user_login VALUES ('1395', '1', '127.0.0.1', '2014-03-18 18:02:00');
INSERT INTO user_login VALUES ('1396', '1', '127.0.0.1', '2014-03-18 18:12:29');
INSERT INTO user_login VALUES ('1397', '1', '127.0.0.1', '2014-03-18 18:13:50');
INSERT INTO user_login VALUES ('1398', '1', '127.0.0.1', '2014-03-18 18:28:59');
INSERT INTO user_login VALUES ('1399', '1', '127.0.0.1', '2014-03-18 18:31:46');
INSERT INTO user_login VALUES ('1400', '1', '127.0.0.1', '2014-03-18 18:34:45');
INSERT INTO user_login VALUES ('1401', '1', '127.0.0.1', '2014-03-18 18:35:21');
INSERT INTO user_login VALUES ('1402', '1', '127.0.0.1', '2014-03-18 18:36:58');
INSERT INTO user_login VALUES ('1403', '1', '127.0.0.1', '2014-03-18 18:37:51');
INSERT INTO user_login VALUES ('1404', '1', '127.0.0.1', '2014-03-18 18:38:30');
INSERT INTO user_login VALUES ('1405', '1', '127.0.0.1', '2014-03-18 18:41:46');
INSERT INTO user_login VALUES ('1406', '1', '127.0.0.1', '2014-03-18 18:42:55');
INSERT INTO user_login VALUES ('1407', '1', '127.0.0.1', '2014-03-18 18:45:22');
INSERT INTO user_login VALUES ('1408', '1', '127.0.0.1', '2014-03-18 18:51:27');
INSERT INTO user_login VALUES ('1409', '1', '127.0.0.1', '2014-03-18 18:55:55');
INSERT INTO user_login VALUES ('1410', '1', '127.0.0.1', '2014-03-18 19:31:03');
INSERT INTO user_login VALUES ('1411', '1', '127.0.0.1', '2014-03-18 19:31:57');
INSERT INTO user_login VALUES ('1412', '1', '127.0.0.1', '2014-03-18 19:32:28');
INSERT INTO user_login VALUES ('1413', '1', '127.0.0.1', '2014-03-18 19:36:10');
INSERT INTO user_login VALUES ('1414', '1', '127.0.0.1', '2014-03-18 19:38:25');
INSERT INTO user_login VALUES ('1415', '1', '127.0.0.1', '2014-03-19 09:10:30');
INSERT INTO user_login VALUES ('1416', '1', '127.0.0.1', '2014-03-19 09:11:22');
INSERT INTO user_login VALUES ('1417', '1', '127.0.0.1', '2014-03-19 09:12:07');
INSERT INTO user_login VALUES ('1418', '1', '127.0.0.1', '2014-03-19 09:25:00');
INSERT INTO user_login VALUES ('1419', '1', '127.0.0.1', '2014-03-19 09:25:05');
INSERT INTO user_login VALUES ('1420', '1', '127.0.0.1', '2014-03-19 09:25:17');
INSERT INTO user_login VALUES ('1421', '1', '127.0.0.1', '2014-03-19 09:27:58');
INSERT INTO user_login VALUES ('1422', '1', '127.0.0.1', '2014-03-19 09:44:49');
INSERT INTO user_login VALUES ('1423', '1', '127.0.0.1', '2014-03-19 09:49:20');
INSERT INTO user_login VALUES ('1424', '1', '127.0.0.1', '2014-03-19 09:52:15');
INSERT INTO user_login VALUES ('1425', '1', '127.0.0.1', '2014-03-19 09:53:29');
INSERT INTO user_login VALUES ('1426', '1', '127.0.0.1', '2014-03-19 10:21:08');
INSERT INTO user_login VALUES ('1427', '1', '127.0.0.1', '2014-03-19 10:26:23');
INSERT INTO user_login VALUES ('1428', '1', '127.0.0.1', '2014-03-19 10:30:49');
INSERT INTO user_login VALUES ('1429', '1', '127.0.0.1', '2014-03-19 10:39:40');
INSERT INTO user_login VALUES ('1430', '1', '127.0.0.1', '2014-03-19 10:40:13');
INSERT INTO user_login VALUES ('1431', '1', '127.0.0.1', '2014-03-19 10:41:48');
INSERT INTO user_login VALUES ('1432', '1', '127.0.0.1', '2014-03-19 10:42:32');
INSERT INTO user_login VALUES ('1433', '1', '127.0.0.1', '2014-03-19 10:42:41');
INSERT INTO user_login VALUES ('1434', '1', '127.0.0.1', '2014-03-19 10:43:58');
INSERT INTO user_login VALUES ('1435', '1', '127.0.0.1', '2014-03-19 10:47:50');
INSERT INTO user_login VALUES ('1436', '1', '127.0.0.1', '2014-03-19 10:51:24');
INSERT INTO user_login VALUES ('1437', '1', '127.0.0.1', '2014-03-19 10:52:00');
INSERT INTO user_login VALUES ('1438', '1', '127.0.0.1', '2014-03-19 10:55:57');
INSERT INTO user_login VALUES ('1439', '1', '127.0.0.1', '2014-03-19 10:58:16');
INSERT INTO user_login VALUES ('1440', '1', '127.0.0.1', '2014-03-19 10:59:00');
INSERT INTO user_login VALUES ('1441', '1', '127.0.0.1', '2014-03-19 11:00:08');
INSERT INTO user_login VALUES ('1442', '1', '127.0.0.1', '2014-03-19 11:00:30');
INSERT INTO user_login VALUES ('1443', '1', '127.0.0.1', '2014-03-19 11:03:45');
INSERT INTO user_login VALUES ('1444', '1', '127.0.0.1', '2014-03-19 11:05:13');
INSERT INTO user_login VALUES ('1445', '1', '127.0.0.1', '2014-03-19 11:07:52');
INSERT INTO user_login VALUES ('1446', '1', '127.0.0.1', '2014-03-19 11:09:12');
INSERT INTO user_login VALUES ('1447', '1', '127.0.0.1', '2014-03-19 11:12:04');
INSERT INTO user_login VALUES ('1448', '1', '127.0.0.1', '2014-03-19 11:12:19');
INSERT INTO user_login VALUES ('1449', '1', '127.0.0.1', '2014-03-19 11:12:50');
INSERT INTO user_login VALUES ('1450', '1', '127.0.0.1', '2014-03-19 11:13:50');
INSERT INTO user_login VALUES ('1451', '1', '127.0.0.1', '2014-03-19 11:19:27');
INSERT INTO user_login VALUES ('1452', '1', '127.0.0.1', '2014-03-19 11:21:37');
INSERT INTO user_login VALUES ('1453', '1', '127.0.0.1', '2014-03-19 11:24:08');
INSERT INTO user_login VALUES ('1454', '1', '127.0.0.1', '2014-03-19 11:24:50');
INSERT INTO user_login VALUES ('1455', '1', '127.0.0.1', '2014-03-19 11:28:33');
INSERT INTO user_login VALUES ('1456', '1', '127.0.0.1', '2014-03-19 11:29:29');
INSERT INTO user_login VALUES ('1457', '1', '127.0.0.1', '2014-03-19 11:30:00');
INSERT INTO user_login VALUES ('1458', '1', '127.0.0.1', '2014-03-19 11:34:58');
INSERT INTO user_login VALUES ('1459', '1', '127.0.0.1', '2014-03-19 11:35:24');
INSERT INTO user_login VALUES ('1460', '1', '127.0.0.1', '2014-03-19 11:41:22');
INSERT INTO user_login VALUES ('1461', '1', '127.0.0.1', '2014-03-19 11:44:20');
INSERT INTO user_login VALUES ('1462', '1', '10.168.1.23', '2014-03-19 11:46:05');
INSERT INTO user_login VALUES ('1463', '1', '10.168.1.23', '2014-03-19 11:55:34');
INSERT INTO user_login VALUES ('1464', '1', '10.168.1.23', '2014-03-19 11:57:38');
INSERT INTO user_login VALUES ('1465', '1', '127.0.0.1', '2014-03-19 11:57:55');
INSERT INTO user_login VALUES ('1466', '1', '127.0.0.1', '2014-03-19 11:58:01');
INSERT INTO user_login VALUES ('1467', '1', '127.0.0.1', '2014-03-19 12:02:31');
INSERT INTO user_login VALUES ('1468', '1', '127.0.0.1', '2014-03-19 12:06:09');
INSERT INTO user_login VALUES ('1469', '1', '127.0.0.1', '2014-03-19 12:07:14');
INSERT INTO user_login VALUES ('1470', '1', '127.0.0.1', '2014-03-19 12:09:57');
INSERT INTO user_login VALUES ('1471', '1', '127.0.0.1', '2014-03-19 12:13:52');
INSERT INTO user_login VALUES ('1472', '1', '127.0.0.1', '2014-03-19 12:18:52');
INSERT INTO user_login VALUES ('1473', '1', '127.0.0.1', '2014-03-19 12:32:42');
INSERT INTO user_login VALUES ('1474', '1', '127.0.0.1', '2014-03-19 12:40:27');
INSERT INTO user_login VALUES ('1475', '1', '127.0.0.1', '2014-03-19 12:42:19');
INSERT INTO user_login VALUES ('1476', '1', '127.0.0.1', '2014-03-19 12:47:34');
INSERT INTO user_login VALUES ('1477', '1', '127.0.0.1', '2014-03-19 12:51:11');
INSERT INTO user_login VALUES ('1478', '1', '127.0.0.1', '2014-03-19 13:02:41');
INSERT INTO user_login VALUES ('1479', '1', '127.0.0.1', '2014-03-19 13:09:04');
INSERT INTO user_login VALUES ('1480', '1', '127.0.0.1', '2014-03-19 13:09:56');
INSERT INTO user_login VALUES ('1481', '1', '127.0.0.1', '2014-03-19 13:28:06');
INSERT INTO user_login VALUES ('1482', '1', '127.0.0.1', '2014-03-19 14:05:16');
INSERT INTO user_login VALUES ('1483', '1', '127.0.0.1', '2014-03-19 14:15:31');
INSERT INTO user_login VALUES ('1484', '1', '127.0.0.1', '2014-03-19 14:19:18');
INSERT INTO user_login VALUES ('1485', '1', '127.0.0.1', '2014-03-19 14:43:47');
INSERT INTO user_login VALUES ('1486', '1', '127.0.0.1', '2014-03-19 14:48:03');
INSERT INTO user_login VALUES ('1487', '1', '127.0.0.1', '2014-03-19 14:52:13');
INSERT INTO user_login VALUES ('1488', '1', '127.0.0.1', '2014-03-19 14:54:15');
INSERT INTO user_login VALUES ('1489', '1', '127.0.0.1', '2014-03-19 15:02:31');
INSERT INTO user_login VALUES ('1490', '1', '127.0.0.1', '2014-03-19 15:06:02');
INSERT INTO user_login VALUES ('1491', '1', '127.0.0.1', '2014-03-19 15:07:57');
INSERT INTO user_login VALUES ('1492', '1', '127.0.0.1', '2014-03-19 15:17:12');
INSERT INTO user_login VALUES ('1493', '1', '127.0.0.1', '2014-03-19 15:27:58');
INSERT INTO user_login VALUES ('1494', '1', '127.0.0.1', '2014-03-19 15:31:34');
INSERT INTO user_login VALUES ('1495', '1', '127.0.0.1', '2014-03-19 15:32:16');
INSERT INTO user_login VALUES ('1496', '1', '127.0.0.1', '2014-03-19 15:33:55');
INSERT INTO user_login VALUES ('1497', '1', '127.0.0.1', '2014-03-19 15:35:34');
INSERT INTO user_login VALUES ('1498', '1', '127.0.0.1', '2014-03-19 15:43:54');
INSERT INTO user_login VALUES ('1499', '1', '127.0.0.1', '2014-03-19 15:44:53');
INSERT INTO user_login VALUES ('1500', '1', '127.0.0.1', '2014-03-19 15:49:56');
INSERT INTO user_login VALUES ('1501', '1', '127.0.0.1', '2014-03-19 15:55:49');
INSERT INTO user_login VALUES ('1502', '1', '127.0.0.1', '2014-03-19 15:58:17');
INSERT INTO user_login VALUES ('1503', '1', '127.0.0.1', '2014-03-19 15:59:42');
INSERT INTO user_login VALUES ('1504', '1', '127.0.0.1', '2014-03-19 16:02:27');
INSERT INTO user_login VALUES ('1505', '1', '127.0.0.1', '2014-03-19 16:06:50');
INSERT INTO user_login VALUES ('1506', '1', '127.0.0.1', '2014-03-19 16:07:03');
INSERT INTO user_login VALUES ('1507', '1', '127.0.0.1', '2014-03-19 16:38:47');
INSERT INTO user_login VALUES ('1508', '1', '127.0.0.1', '2014-03-19 16:39:36');
INSERT INTO user_login VALUES ('1509', '1', '127.0.0.1', '2014-03-19 16:40:17');
INSERT INTO user_login VALUES ('1510', '1', '127.0.0.1', '2014-03-19 16:40:23');
INSERT INTO user_login VALUES ('1511', '1', '127.0.0.1', '2014-03-19 16:40:36');
INSERT INTO user_login VALUES ('1512', '1', '127.0.0.1', '2014-03-19 16:40:55');
INSERT INTO user_login VALUES ('1513', '1', '127.0.0.1', '2014-03-19 16:41:09');
INSERT INTO user_login VALUES ('1514', '1', '127.0.0.1', '2014-03-19 16:56:08');
INSERT INTO user_login VALUES ('1515', '1', '127.0.0.1', '2014-03-19 16:57:31');
INSERT INTO user_login VALUES ('1516', '1', '127.0.0.1', '2014-03-19 16:58:41');
INSERT INTO user_login VALUES ('1517', '1', '127.0.0.1', '2014-03-19 17:10:20');
INSERT INTO user_login VALUES ('1518', '1', '127.0.0.1', '2014-03-19 17:15:18');
INSERT INTO user_login VALUES ('1519', '1', '127.0.0.1', '2014-03-19 17:17:26');
INSERT INTO user_login VALUES ('1520', '1', '127.0.0.1', '2014-03-19 17:18:23');
INSERT INTO user_login VALUES ('1521', '1', '127.0.0.1', '2014-03-19 17:38:07');
INSERT INTO user_login VALUES ('1522', '1', '127.0.0.1', '2014-03-19 17:39:44');
INSERT INTO user_login VALUES ('1523', '1', '127.0.0.1', '2014-03-19 17:42:40');
INSERT INTO user_login VALUES ('1524', '1', '127.0.0.1', '2014-03-19 17:43:10');
INSERT INTO user_login VALUES ('1525', '1', '127.0.0.1', '2014-03-19 17:43:35');
